Timestamp;Nez;Bouche;Œil_Gauche;Œil_Droit;Joue_Gauche;Joue_Droite;Front;Menton;L0;L1;L3;L4;L5;L6;L7;L8;L9;L11;L12;L14;L15;L16;L17;L18;L19;L20;L21;L22;L23;L24;L25;L26;L27;L28;L29;L30;L31;L32;L33;L34;L35;L36;L37;L38;L39;L40;L41;L42;L43;L44;L45;L46;L47;L48;L49;L50;L51;L52;L53;L54;L55;L56;L57;L58;L59;L60;L61;L62;L63;L64;L65;L66;L67;L68;L69;L70;L71;L72;L73;L74;L75;L76;L77;L78;L79;L80;L81;L82;L83;L84;L85;L86;L87;L88;L89;L90;L91;L92;L93;L94;L95;L96;L97;L98;L99;L100;L101;L102;L103;L104;L105;L106;L107;L108;L109;L110;L111;L112;L113;L114;L115;L116;L117;L118;L119;L120;L121;L122;L123;L124;L125;L126;L127;L128;L129;L130;L131;L132;L133;L134;L135;L136;L137;L138;L139;L140;L141;L142;L143;L144;L145;L146;L147;L148;L149;L150;L151;L153;L154;L155;L156;L157;L158;L160;L161;L162;L163;L164;L165;L166;L167;L168;L169;L170;L171;L172;L173;L174;L175;L176;L177;L178;L179;L180;L181;L182;L183;L184;L185;L186;L187;L188;L189;L190;L191;L192;L193;L194;L195;L196;L197;L198;L199;L200;L201;L202;L203;L204;L205;L206;L207;L208;L209;L210;L211;L212;L213;L214;L215;L216;L217;L218;L219;L220;L221;L222;L223;L224;L225;L226;L227;L228;L229;L230;L231;L232;L233;L235;L236;L237;L238;L239;L240;L241;L242;L243;L244;L245;L246;L247;L248;L249;L250;L251;L252;L253;L254;L255;L256;L257;L258;L259;L260;L261;L262;L263;L264;L265;L266;L267;L268;L269;L270;L271;L272;L273;L274;L275;L276;L277;L278;L279;L280;L281;L282;L283;L284;L285;L286;L287;L288;L289;L290;L291;L292;L293;L294;L295;L296;L297;L298;L299;L300;L301;L302;L303;L304;L305;L306;L307;L308;L309;L310;L311;L312;L313;L314;L315;L316;L317;L318;L319;L320;L321;L322;L323;L324;L325;L326;L327;L328;L329;L330;L331;L332;L333;L334;L335;L336;L337;L338;L339;L340;L341;L342;L343;L344;L345;L346;L347;L348;L349;L350;L351;L352;L353;L354;L355;L356;L357;L358;L359;L360;L361;L362;L363;L364;L365;L366;L367;L368;L369;L370;L371;L372;L373;L374;L375;L376;L377;L378;L379;L380;L381;L382;L383;L384;L385;L387;L388;L389;L390;L391;L392;L393;L394;L395;L396;L397;L398;L399;L400;L401;L402;L403;L404;L405;L406;L407;L408;L409;L410;L411;L412;L413;L414;L415;L416;L417;L418;L419;L420;L421;L422;L423;L424;L425;L426;L427;L428;L429;L430;L431;L432;L433;L434;L435;L436;L437;L438;L439;L440;L441;L442;L443;L444;L445;L446;L447;L448;L449;L450;L451;L452;L453;L455;L456;L457;L458;L459;L460;L461;L462;L463;L464;L465;L466;L467;L468;L469;L470;L471;L472;L473;L474;L475;L476;L477
2025-07-24 10:46:07.498277;21.97;21.54;22.38;20.71;21.13;21.7;22.38;23.09;21.04;21.5;21.74;21.71;21.7;21.11;21.28;23.17;21.81;21.21;22.02;21.54;21.64;21.69;21.85;22.44;21.59;21.59;24.18;20.82;21.17;22.44;22.15;21.79;22.52;22.01;21.61;22.44;20.9;23.12;21.05;23.08;21.48;23.08;20.51;22.21;21.34;21.84;21.03;22.34;21.36;21.61;22.82;22.79;21.79;23.44;22.97;21.38;22.48;21.66;21.45;22.5;21.57;22.01;22.51;21.07;22.39;21.93;21.94;22.4;21.11;23.68;22.43;21.49;21.5;22.75;21.93;22.82;22.19;20.55;21.16;22.16;21.59;22.31;23.27;22.55;22.06;20.54;21.06;22.15;22.51;21.73;21.45;21.87;22.43;20.49;21.4;22.2;21.61;20.92;20.72;22.3;22.66;23.25;21.56;22.21;21.27;21.58;20.95;22.77;21.86;21.77;20.94;22.99;22.39;21.91;22.68;21.03;21.86;23.09;22.84;21.72;21.95;21.63;22.05;20.57;23.17;21.65;21.78;21.41;22.7;23.56;21.5;22.2;20.61;21.66;21.71;22.55;21.46;21.53;21.9;21.3;21.68;22.69;20.9;21.83;22.13;21.85;22.45;22.57;21.15;22.67;22.18;22.06;22.41;22.05;22.81;21.25;21.05;21.53;21.49;22.24;21.85;21.5;23.34;21.81;21.87;23.05;21.86;21.73;22.3;22.21;22.28;21.24;23.34;21.69;22.68;21.5;21.49;21.77;21.16;20.75;22.06;21.3;21.7;22.05;21.94;21.88;23.12;23.55;23.52;21.98;22.25;22.63;21.71;20.92;22.28;21.18;22.25;23.59;22.85;21.33;20.74;22.47;21.98;21.46;21.79;21.47;21.18;22.01;21.53;21.44;21.86;20.44;20.88;21.07;20.6;22.2;20.67;21.69;22.16;21.36;23.21;22.31;23.77;20.52;21.53;21.77;22.89;20.95;21.75;21.67;21.74;21.54;21.92;21.64;21.63;20.95;21.47;23.71;22.85;22.41;21.64;22.81;22.47;21.84;22.39;21.43;21.16;21.08;21.09;21.3;22.42;20.45;22.82;21.91;22.26;23.0;21.1;21.82;22.41;21.79;22.78;22.82;21.46;22.31;22.69;20.82;21.91;22.03;22.81;20.76;21.75;21.47;21.54;22.37;23.73;22.81;21.23;21.61;23.32;21.86;21.38;22.53;22.52;21.54;21.56;22.96;21.98;20.97;23.72;20.98;22.17;20.46;22.55;23.09;22.97;22.82;21.51;22.07;21.8;22.18;20.23;22.4;22.05;21.8;22.85;22.16;23.02;21.36;23.2;22.32;22.89;20.36;22.83;21.62;21.01;22.33;21.03;21.14;20.15;20.79;22.81;22.96;20.13;20.84;21.01;22.4;21.94;22.47;22.92;21.78;23.32;20.7;22.44;22.52;23.39;22.7;22.62;23.1;22.06;22.22;21.77;21.24;21.86;22.29;21.28;21.68;22.54;22.04;21.84;21.14;22.07;22.69;22.47;21.12;22.7;21.52;22.56;21.58;21.02;20.67;22.13;21.52;22.22;21.96;23.36;22.48;22.32;21.74;21.75;23.09;21.23;21.05;21.47;21.79;21.72;20.93;21.43;21.91;21.73;21.83;22.33;21.78;22.21;22.3;23.44;22.63;22.04;21.26;20.93;20.88;22.07;20.65;22.91;21.18;20.83;21.92;21.61;21.46;21.86;23.32;21.61;21.26;21.46;21.11;21.81;22.18;22.12;21.06;22.14;22.81;22.32;21.41;21.91;21.45;22.22;22.37;21.86;22.64;22.09;21.15;22.14;21.93;21.77;20.47;20.99;21.87;21.04;21.62;21.86;22.29;22.8;22.56;22.58;21.11;21.69;21.28;20.98;21.82;23.04;21.29;22.17;22.21;22.24;22.48;22.69;23.27;21.48;20.92;20.79;22.41;21.6;22.28;22.91;21.9;22.47;21.14;24.17;20.9;21.99;20.74;20.79;22.26;22.07;23.16;21.08;21.82;20.69;20.83;22.56;23.13;22.01;22.27;21.36;21.12;20.93;21.29;21.17;21.66
2025-07-24 10:46:13.898107;22.75;22.34;21.88;20.82;22.07;21.97;22.06;22.18;20.34;21.85;22.18;21.26;20.49;21.42;20.96;21.76;21.67;20.44;21.78;22.34;22.45;22.91;21.92;22.26;22.13;20.53;23.26;21.25;21.52;21.66;21.64;22.4;22.6;21.57;22.56;22.05;21.88;22.5;21.56;23.26;21.17;23.4;20.7;21.67;21.71;22.28;21.78;22.79;21.37;21.51;22.57;22.61;21.56;23.35;22.58;21.95;22.48;22.26;20.83;22.77;22.61;21.39;22.6;22.36;21.44;22.12;21.87;22.52;21.02;23.3;22.2;21.16;21.86;21.85;21.33;21.74;20.75;20.48;21.46;21.97;21.36;22.1;22.87;22.75;21.51;21.29;21.85;21.44;21.96;21.58;21.62;21.89;21.64;21.43;22.06;21.25;21.18;20.4;21.1;22.94;22.04;22.78;20.99;21.69;21.4;21.97;20.81;22.83;22.42;20.6;21.18;22.07;22.58;22.77;22.04;22.25;22.52;22.52;23.31;21.94;22.14;20.98;21.42;20.89;23.3;21.15;22.36;20.85;23.25;23.44;22.84;20.99;20.11;22.08;22.29;22.27;21.64;22.1;21.46;21.36;21.21;22.83;20.51;22.23;22.31;22.41;23.34;21.64;21.94;22.13;22.51;20.97;23.52;21.52;21.28;21.16;20.59;21.52;21.73;22.45;21.71;21.4;22.0;21.58;21.6;23.19;22.53;21.67;22.19;22.1;22.39;21.27;22.58;21.18;22.36;22.14;22.3;22.53;20.97;20.83;21.96;22.22;22.36;22.83;23.34;21.15;23.15;24.02;23.61;20.99;22.16;22.83;22.18;21.26;22.01;20.49;21.97;23.4;22.92;21.07;21.26;21.81;21.9;21.66;22.04;21.51;21.66;22.59;21.5;21.2;21.72;20.62;19.95;21.25;21.17;21.36;21.65;21.37;23.19;21.56;23.05;22.43;22.38;20.94;22.19;22.14;23.16;22.12;22.23;21.25;21.43;21.69;22.76;21.68;20.95;21.43;21.53;22.67;22.28;21.77;20.95;21.85;22.01;21.98;22.28;21.51;22.05;21.41;21.92;21.7;21.87;20.23;21.92;21.59;22.12;21.69;20.87;21.75;22.24;23.08;21.9;22.01;21.52;21.53;23.18;20.65;21.28;22.31;22.69;20.88;22.11;22.2;21.98;22.28;24.01;22.16;21.53;22.59;22.9;21.62;21.53;22.25;22.61;22.7;22.37;23.85;21.68;21.54;23.05;20.94;21.82;21.94;21.93;22.4;21.34;21.31;22.11;21.12;21.72;21.85;21.7;22.52;21.82;21.47;22.31;22.43;23.03;21.79;21.79;21.53;21.28;21.73;23.15;20.88;21.45;21.78;21.14;21.45;20.33;21.93;22.58;22.8;20.95;21.41;21.33;21.7;22.23;21.73;21.78;22.49;22.2;21.4;22.46;22.16;23.37;22.92;22.82;21.94;22.1;22.14;21.07;21.31;21.91;22.57;21.19;22.18;22.82;22.2;22.77;21.95;22.19;21.78;21.88;21.58;22.55;22.09;21.86;21.9;22.6;21.15;22.08;20.62;22.19;21.43;23.63;22.47;21.56;21.3;21.65;22.1;21.33;20.61;21.34;22.42;21.4;22.0;21.92;21.59;21.6;22.03;22.37;22.27;22.34;22.11;23.65;21.92;22.37;21.37;20.67;21.19;22.72;20.53;23.32;22.33;20.87;21.1;20.94;22.17;20.86;23.14;21.97;20.96;22.0;20.1;21.25;21.76;21.32;21.17;21.45;21.55;21.43;22.26;23.0;21.45;22.65;23.35;22.17;21.84;21.89;21.51;22.52;21.35;21.19;21.41;21.77;20.98;21.09;21.06;21.6;22.66;22.12;21.86;22.28;22.11;22.65;21.77;22.1;21.87;22.9;22.48;21.82;23.76;22.33;22.21;23.47;24.02;21.45;20.59;20.69;22.76;21.38;21.8;23.1;22.11;21.97;21.56;23.46;21.51;22.25;21.4;21.78;21.34;21.52;23.37;20.89;22.04;20.43;21.18;21.86;22.51;21.48;22.33;22.26;21.34;21.07;21.09;21.61;20.93
2025-07-24 10:46:17.005384;23.69;21.75;22.53;21.0;22.5;20.82;20.93;23.52;20.6;22.33;22.64;20.79;21.09;21.56;21.5;22.3;21.44;21.74;22.13;22.64;22.8;22.01;21.83;21.95;23.56;21.25;22.5;21.79;21.47;21.98;21.36;22.04;22.38;21.34;22.79;21.89;21.71;22.7;21.13;22.69;20.82;23.59;20.17;21.01;21.55;21.81;21.7;23.4;21.81;22.05;21.76;22.04;22.36;23.44;22.65;22.24;21.99;22.09;21.18;22.25;21.83;21.05;22.76;21.95;22.21;22.51;22.16;22.49;21.28;22.77;21.86;21.18;21.91;21.5;22.77;21.95;20.82;20.88;21.49;21.87;22.11;22.79;21.92;22.39;21.4;22.12;21.64;20.7;22.54;21.99;21.94;21.85;21.05;21.3;21.02;21.76;21.41;20.49;21.27;24.13;21.96;22.05;20.87;21.18;21.83;22.71;21.13;23.04;21.54;21.32;20.9;22.42;22.52;23.32;21.97;21.31;23.1;22.25;22.7;22.3;22.29;21.51;21.44;21.23;22.76;21.03;22.62;21.94;21.8;23.33;23.11;20.49;20.36;22.44;22.49;22.05;21.76;22.49;21.39;21.13;21.43;22.35;20.97;21.29;21.75;21.88;22.96;21.9;21.46;22.51;22.33;21.2;22.89;21.49;21.38;21.23;19.98;22.44;22.22;22.81;21.52;21.9;21.25;22.42;21.69;22.91;21.83;22.22;22.51;22.79;22.51;21.5;22.06;21.52;21.64;22.15;22.89;22.54;22.22;21.69;22.35;23.24;22.07;22.45;22.04;20.49;21.38;22.14;22.53;20.71;21.77;22.25;21.66;21.53;21.62;21.21;21.18;22.24;22.54;20.06;21.84;21.18;21.99;20.97;22.1;21.46;20.91;22.02;21.33;21.49;22.1;21.22;19.62;22.11;21.25;21.62;21.63;20.63;22.91;22.35;21.87;23.08;21.92;21.2;22.12;22.27;22.74;21.88;22.62;21.13;20.99;21.72;22.48;21.96;21.35;21.53;22.38;22.12;23.1;21.84;21.32;21.65;21.64;21.55;22.39;20.81;22.78;21.84;21.67;21.73;20.4;19.9;21.58;21.32;22.35;21.69;21.22;21.93;22.18;23.3;21.18;22.36;20.97;21.24;23.18;21.64;21.54;22.2;22.24;21.14;22.47;22.76;21.59;22.39;22.28;21.34;21.23;23.28;21.86;20.48;21.86;22.52;22.41;22.0;22.14;23.39;21.35;22.19;22.87;20.62;22.07;21.68;22.1;22.51;22.48;21.3;21.71;20.83;22.29;22.43;21.34;22.07;21.87;21.58;22.13;21.86;21.63;21.3;22.37;20.87;21.91;21.81;22.53;21.38;20.86;21.38;20.86;20.42;20.88;20.94;22.36;22.36;21.42;21.8;21.87;22.06;21.91;21.08;21.26;22.51;21.93;21.21;22.49;22.09;24.12;23.44;23.07;21.57;20.92;22.31;21.92;22.38;21.62;22.08;21.81;22.04;22.5;22.15;22.42;22.28;22.26;21.3;22.41;21.59;22.11;22.28;21.96;22.75;22.58;21.6;22.11;21.9;22.11;21.55;22.94;23.04;21.6;22.16;22.82;22.25;21.57;20.74;22.25;21.32;20.93;21.87;22.86;21.45;21.45;22.2;22.45;21.61;22.78;22.16;22.73;22.76;22.11;21.35;20.57;20.68;22.56;21.33;22.81;21.96;21.35;21.67;21.05;22.23;21.08;22.36;22.12;20.77;21.84;20.53;21.35;22.03;21.67;20.99;21.89;21.85;21.6;21.88;24.1;22.08;22.45;22.9;20.97;21.2;21.88;21.88;22.24;21.85;20.91;21.7;21.46;21.33;21.15;21.5;21.48;23.04;22.29;20.96;22.27;21.79;23.04;22.36;21.52;21.88;21.66;22.32;21.64;23.3;22.46;22.12;23.8;23.99;21.75;20.65;20.68;22.9;21.61;22.32;22.61;20.56;21.85;21.06;23.04;21.46;21.74;21.38;22.3;21.17;21.72;21.96;21.42;22.2;20.35;21.52;21.65;22.72;21.42;22.06;22.33;22.15;21.7;21.38;22.11;20.24
2025-07-24 10:46:22.188634;23.22;20.83;22.11;21.42;22.16;20.46;21.82;24.06;21.68;22.97;22.38;21.5;21.84;21.54;21.58;22.44;21.4;20.65;20.73;22.74;22.25;20.76;22.0;21.56;23.21;20.87;22.49;21.43;22.64;22.29;22.02;22.47;22.43;21.29;22.22;21.9;21.75;21.03;21.66;23.04;21.29;23.27;20.13;21.59;21.6;21.89;22.05;23.21;21.43;21.0;22.25;21.1;21.69;24.11;22.81;21.73;22.55;22.02;21.57;22.17;22.54;22.06;21.98;21.2;21.94;21.96;21.94;22.25;22.09;23.08;20.89;22.32;21.62;21.92;22.66;21.57;20.65;20.92;22.69;22.07;22.12;22.44;21.52;22.19;21.23;22.06;21.66;21.09;21.73;21.35;21.75;21.05;20.74;20.93;21.43;21.7;21.44;20.63;21.94;23.53;21.7;21.38;21.02;21.06;21.81;23.77;20.2;23.01;22.55;21.14;20.69;22.86;23.13;22.18;22.43;22.04;22.29;21.65;22.47;21.81;21.32;21.52;21.18;21.38;22.2;21.39;22.88;21.54;23.18;23.18;22.04;20.79;20.98;22.63;22.74;22.15;22.14;22.49;20.14;20.53;22.05;21.7;20.16;21.52;22.43;21.68;21.94;22.15;22.03;22.67;22.17;21.28;22.96;21.46;21.04;22.7;20.63;21.74;22.01;21.73;21.52;21.54;21.36;22.04;21.74;22.22;21.81;22.62;22.34;22.04;22.66;21.16;22.38;21.93;21.52;21.93;22.6;23.38;22.82;21.79;22.52;23.23;22.16;22.51;21.48;20.69;20.85;22.24;23.01;21.43;22.65;21.56;21.79;21.36;21.4;21.52;21.21;22.34;22.14;20.5;21.63;21.24;21.5;21.09;21.05;21.38;20.93;22.56;21.91;21.39;21.94;20.86;20.22;22.84;21.98;20.84;21.66;21.17;22.81;22.3;22.71;22.27;21.9;21.09;22.7;22.22;23.09;21.72;23.19;21.09;21.2;21.74;22.14;21.97;22.16;21.62;23.23;22.05;21.83;21.45;20.91;21.46;21.48;20.84;21.85;20.49;22.04;22.25;21.27;22.06;20.78;20.1;22.08;21.87;21.39;21.59;21.79;21.61;21.3;23.14;20.95;23.09;20.74;21.45;22.72;21.57;21.36;22.03;21.38;22.13;23.01;22.3;21.46;21.68;21.95;20.59;21.97;23.82;21.08;20.65;21.46;22.47;22.12;21.85;21.99;22.29;20.64;21.99;22.58;21.78;21.17;21.55;22.05;22.75;21.62;21.8;21.04;21.61;22.29;21.13;21.42;21.73;21.17;21.58;22.71;21.03;21.91;21.37;21.88;21.21;21.3;21.18;21.96;21.44;21.76;22.04;21.36;20.29;21.14;20.7;21.89;22.01;21.93;21.91;21.63;21.94;21.95;21.64;22.23;22.13;22.21;21.56;22.47;21.93;23.53;22.56;22.86;21.85;20.76;22.37;21.51;22.79;20.85;21.09;22.51;20.73;21.82;22.37;22.71;21.98;21.93;21.3;22.45;21.83;22.53;22.28;22.61;22.67;23.12;21.25;22.05;22.54;21.93;21.33;22.3;22.39;21.99;22.72;23.07;22.38;21.37;21.56;22.57;21.32;21.63;22.68;22.34;20.98;20.97;22.58;22.81;21.9;22.42;21.39;21.4;22.25;21.5;20.16;20.73;21.28;22.8;21.46;21.65;21.75;21.82;21.53;22.38;22.32;22.03;20.68;22.28;22.17;20.94;21.49;21.38;22.36;21.87;21.51;21.81;21.74;21.54;21.22;23.24;21.32;22.01;22.18;21.45;21.58;21.91;21.42;21.9;21.97;21.67;21.7;21.96;20.53;20.78;21.4;21.03;22.31;21.75;20.9;21.62;22.37;21.99;21.91;22.38;21.99;20.67;22.46;21.73;23.34;22.25;22.49;22.54;23.37;21.69;20.13;21.73;22.93;22.0;22.86;22.3;20.88;23.02;21.47;21.45;21.6;21.45;21.4;22.1;21.7;22.08;22.48;21.03;22.2;20.88;21.51;21.6;22.46;21.75;21.9;21.21;21.78;21.91;21.16;21.56;20.89
2025-07-24 10:46:22.531339;22.5;21.08;21.99;21.51;22.13;20.77;21.25;23.7;22.46;22.87;21.49;21.68;22.78;22.02;22.14;22.19;21.65;20.55;20.9;22.33;21.58;21.26;22.19;21.62;23.11;21.95;22.17;21.44;21.3;22.65;21.63;22.25;21.68;21.9;22.1;22.09;22.97;22.72;20.65;23.08;22.12;23.18;19.56;22.02;21.41;22.67;21.98;22.7;22.1;20.92;21.87;21.61;21.32;24.05;22.99;22.67;21.99;21.28;21.56;22.41;22.36;21.36;22.28;21.01;21.36;21.95;21.57;22.41;21.51;22.11;20.68;22.49;21.2;22.16;23.41;20.87;21.78;21.19;22.69;22.92;21.27;22.3;22.18;22.69;22.4;21.52;21.22;21.3;21.17;21.32;21.22;20.78;20.44;20.73;22.42;22.54;21.4;20.78;21.68;22.87;21.1;21.71;21.84;22.15;21.77;23.86;20.83;22.45;21.8;21.27;21.22;23.19;22.87;22.19;22.8;21.62;22.17;22.11;22.94;22.03;21.43;21.76;21.39;21.11;22.33;21.26;23.35;21.96;22.44;23.57;21.6;21.96;21.95;22.73;21.97;21.74;22.07;22.66;20.88;21.17;21.27;22.43;21.3;22.23;22.71;21.9;22.03;23.03;21.36;22.83;20.48;22.43;23.0;22.14;22.03;21.3;21.1;21.53;21.55;21.29;22.35;21.24;21.24;22.29;21.04;22.52;22.16;22.42;23.0;21.63;22.86;21.11;22.29;21.6;22.17;21.72;22.07;22.98;23.09;21.86;22.68;22.69;21.1;21.86;21.21;20.55;21.75;22.98;22.74;21.51;22.24;21.48;21.48;21.33;21.22;21.73;21.41;21.45;22.5;20.82;22.18;21.51;21.25;21.58;21.13;21.43;21.16;22.09;21.88;21.57;22.01;21.54;21.27;22.93;22.28;20.92;21.89;21.19;22.68;22.96;21.96;22.24;21.85;21.29;22.32;22.36;22.17;21.57;21.79;21.33;21.82;22.49;22.25;22.32;22.1;21.46;23.18;21.37;21.91;21.52;21.99;22.04;20.56;22.41;23.12;21.07;22.37;22.61;21.66;21.54;21.06;20.61;21.91;21.72;21.72;21.5;21.73;21.58;21.49;21.86;20.85;22.71;21.23;21.33;23.64;22.6;21.77;21.47;21.47;21.83;23.38;21.26;21.85;21.49;22.1;21.04;21.23;23.15;20.92;21.07;22.04;22.34;21.71;21.11;21.43;22.71;21.29;22.79;23.38;21.88;20.64;22.58;21.31;22.74;22.12;22.27;21.89;21.93;22.08;21.55;21.86;21.85;21.84;21.69;22.93;20.79;21.78;21.44;21.88;21.26;21.89;21.42;22.45;21.95;22.05;22.39;22.31;21.27;21.2;21.34;21.86;22.52;21.46;23.0;21.52;21.54;23.3;22.05;21.54;22.65;21.75;21.42;21.81;21.77;23.0;23.01;22.99;21.6;20.89;22.14;21.67;21.53;21.12;22.04;22.37;20.78;22.7;22.89;21.88;22.35;22.12;21.47;22.65;21.96;22.32;21.46;21.65;22.12;22.5;21.39;22.04;22.6;21.46;21.52;21.94;21.33;21.74;22.73;22.07;22.88;21.36;21.82;22.29;21.37;21.8;23.6;21.92;21.14;20.44;22.65;22.41;21.8;23.14;20.95;21.2;21.58;21.4;20.98;21.31;22.29;21.86;21.38;21.47;22.72;22.09;21.45;21.01;22.27;21.86;20.59;22.18;22.01;20.4;21.92;20.96;22.15;21.35;21.5;22.84;22.47;21.36;21.59;22.03;21.68;21.89;22.27;22.84;21.72;21.85;21.39;21.8;21.73;22.1;21.64;21.77;20.77;20.69;21.33;21.18;21.89;21.5;20.71;21.14;21.5;20.93;21.33;20.79;21.37;20.79;22.88;21.82;23.46;22.2;22.95;22.41;22.77;21.37;19.99;21.9;22.17;21.35;22.81;22.25;20.98;22.59;22.29;21.5;21.56;21.22;21.43;22.84;21.64;21.13;21.97;20.65;21.48;22.19;21.58;21.9;22.91;21.9;22.65;21.6;21.49;22.21;22.14;20.6;21.72
2025-07-24 10:46:22.712569;22.39;20.47;21.65;22.95;21.31;21.07;21.87;24.31;23.18;23.18;21.44;22.46;22.65;21.23;21.31;22.48;20.7;21.84;21.14;21.97;21.65;21.38;22.3;22.1;22.72;21.51;22.01;21.09;22.07;23.23;21.88;21.46;22.07;22.08;21.14;21.97;22.73;22.81;20.76;22.61;21.66;23.13;20.29;21.41;21.22;23.14;21.88;23.04;22.02;21.26;22.8;21.68;21.06;22.87;22.79;21.46;22.11;21.84;21.6;21.15;22.56;21.42;22.08;21.44;21.4;22.2;21.96;22.52;21.0;21.51;22.04;21.59;21.4;21.09;23.0;21.17;21.95;21.14;22.9;23.62;21.1;22.29;21.64;22.8;22.05;22.92;21.25;22.29;21.58;21.7;21.42;20.0;20.38;21.12;21.68;21.31;21.2;20.13;21.29;22.22;21.19;21.43;23.05;22.33;22.7;22.44;21.02;22.68;22.64;21.83;21.83;22.95;22.49;22.02;22.65;21.25;22.08;22.14;22.64;22.42;20.84;21.75;22.25;21.73;21.73;22.1;23.19;21.49;22.71;22.5;21.24;21.89;21.86;22.68;21.81;21.82;22.16;22.35;21.11;21.64;20.35;22.85;21.1;22.53;23.19;21.86;21.57;22.37;22.38;22.4;19.96;21.87;22.35;23.77;21.13;20.59;21.24;21.49;20.92;21.61;22.18;21.35;21.73;21.98;20.82;22.55;22.43;21.82;22.38;22.02;21.52;21.36;21.28;22.19;22.35;21.5;21.37;21.87;22.87;22.81;21.42;22.52;20.93;21.43;21.83;20.59;21.88;22.58;22.22;22.07;22.12;21.12;21.44;21.38;22.55;22.8;21.37;21.94;22.92;21.95;21.54;21.15;22.05;21.4;21.61;21.22;21.57;21.29;22.13;21.97;22.12;21.59;22.23;23.14;21.69;20.86;22.37;21.87;22.98;22.81;21.02;22.04;22.99;21.7;22.6;21.43;22.08;21.02;22.36;21.24;21.68;22.71;22.33;21.45;21.58;21.59;21.94;21.87;22.2;21.96;21.29;21.74;21.56;21.74;22.66;21.36;22.36;22.08;21.5;21.32;20.46;21.06;22.12;22.4;21.4;22.23;22.07;21.81;21.6;21.56;21.68;22.2;21.24;20.63;23.06;22.13;21.59;21.83;21.45;21.6;23.85;21.12;22.84;22.3;22.36;21.33;21.11;22.77;21.77;22.05;22.08;23.1;21.91;21.64;22.26;21.97;21.64;23.16;22.63;20.79;19.79;21.72;21.15;21.88;21.61;22.22;22.28;21.49;21.93;20.6;23.08;21.78;21.55;20.89;22.82;21.71;22.23;21.13;21.54;21.39;21.73;21.21;22.99;22.32;22.18;22.24;22.41;22.36;22.31;21.18;21.81;22.04;22.25;22.71;22.07;22.39;22.98;21.4;21.85;21.84;22.0;21.7;21.43;22.12;22.61;22.27;22.85;21.84;21.62;21.46;22.4;20.76;21.88;21.09;22.81;19.93;22.32;22.78;23.11;22.42;22.0;21.36;22.61;20.69;21.72;21.79;21.93;21.39;22.67;20.74;22.61;22.58;21.55;21.58;22.07;21.85;22.5;22.07;22.39;22.23;20.62;21.46;22.14;21.22;21.46;23.25;23.25;21.39;21.73;22.54;21.98;21.85;23.47;20.87;20.38;22.27;21.58;21.1;22.83;22.8;21.89;22.29;21.51;22.29;21.78;21.35;21.3;22.19;22.09;20.67;22.1;21.53;21.05;22.34;21.65;21.91;22.41;20.67;22.81;22.31;21.1;22.02;22.23;21.53;22.49;22.89;22.82;22.21;21.93;20.49;22.1;20.94;23.03;21.51;21.46;20.61;21.77;20.26;21.7;20.89;21.34;21.28;22.17;21.54;21.3;21.44;21.39;21.5;20.62;22.63;22.06;23.23;22.4;22.19;21.88;22.17;22.01;20.86;20.87;21.36;22.19;23.03;21.97;22.22;21.2;21.6;21.37;21.31;21.0;21.1;22.09;21.73;21.56;22.19;21.2;21.91;21.61;21.83;21.97;22.15;21.22;21.8;21.23;21.44;23.22;22.23;20.83;21.32
2025-07-24 10:46:24.265035;21.53;21.02;22.42;21.76;20.91;21.54;21.83;24.1;23.23;23.51;21.12;22.71;21.77;21.55;21.0;22.04;21.44;21.7;22.14;22.28;22.37;21.58;22.94;22.58;22.28;21.25;22.46;22.53;21.48;22.4;21.24;21.89;22.51;21.63;20.72;22.08;21.75;21.86;21.49;22.07;21.05;23.14;20.87;21.35;22.25;22.35;22.25;22.37;22.45;21.16;23.14;21.48;20.56;22.94;22.72;21.42;21.61;21.44;21.61;21.49;22.37;22.15;22.24;22.28;22.09;21.23;22.02;22.6;20.93;22.76;22.77;21.68;21.05;21.15;22.91;20.85;22.1;21.03;23.1;22.5;20.23;22.84;22.32;23.26;21.79;21.42;22.13;22.07;21.49;21.94;21.22;21.11;21.11;21.29;21.53;21.39;20.38;20.02;21.62;20.94;22.6;21.96;23.8;22.38;22.35;22.2;21.62;22.19;22.43;21.52;21.93;22.77;22.12;21.77;23.1;21.98;22.39;21.86;22.2;21.89;21.62;21.45;21.89;21.93;21.07;21.81;23.28;21.02;22.24;22.62;20.4;22.12;22.05;22.17;22.46;21.78;22.44;23.13;21.68;22.32;21.12;22.06;20.87;23.61;22.34;21.4;20.6;21.99;22.91;22.05;21.14;21.77;22.73;23.77;21.47;20.77;21.06;21.96;22.3;22.1;21.55;21.11;21.06;22.51;20.99;23.32;22.25;22.12;21.67;22.2;22.37;22.03;22.01;21.53;21.15;21.93;22.31;22.97;22.62;22.88;20.84;23.42;22.07;21.41;21.19;21.55;23.25;22.14;21.57;22.09;22.13;21.07;22.09;21.21;23.2;22.49;20.63;21.57;22.1;21.79;21.14;20.26;21.91;21.23;22.05;21.45;21.6;21.71;22.07;22.33;22.86;21.35;21.61;22.96;20.26;20.63;22.32;21.39;23.24;22.39;20.7;21.52;23.87;21.15;22.24;22.07;22.42;21.34;21.02;20.87;21.69;21.98;21.98;21.08;21.04;21.34;21.24;22.64;21.27;21.85;22.05;22.04;22.42;20.91;22.48;21.48;22.04;22.08;21.91;21.87;20.62;21.42;21.76;21.49;20.64;22.85;23.3;22.66;21.12;22.38;22.35;22.05;21.81;21.36;23.35;21.79;21.97;21.72;21.27;22.64;23.56;21.66;22.47;23.5;22.74;22.15;20.57;22.78;21.63;22.3;22.75;22.79;21.55;21.45;21.81;21.76;20.9;22.94;23.3;21.3;21.83;20.93;20.82;22.71;22.63;22.3;22.03;21.03;21.0;20.45;21.79;21.54;21.0;21.11;22.49;22.44;21.97;20.58;22.69;21.04;22.62;20.57;23.73;22.8;21.12;21.83;21.91;22.05;22.33;21.81;22.23;22.3;21.43;21.67;22.28;22.54;23.46;22.27;21.05;20.66;21.12;21.94;22.1;22.79;22.36;22.0;22.69;22.68;22.05;21.68;22.25;20.69;22.67;20.91;23.31;20.23;22.61;23.59;23.22;22.77;22.69;20.4;22.56;20.56;22.66;21.91;21.62;21.79;21.77;20.64;23.3;21.99;21.47;21.9;22.41;21.49;22.53;21.35;22.34;22.53;20.06;21.08;21.56;21.24;21.67;21.73;22.94;21.07;22.96;21.43;22.15;21.12;23.01;20.41;19.95;22.55;21.78;21.45;22.37;22.36;21.2;22.55;21.94;21.69;21.97;21.57;21.57;21.99;21.82;20.44;21.41;20.69;20.75;21.5;22.16;22.6;21.77;20.32;22.81;23.02;22.26;21.84;22.07;21.63;21.96;22.62;22.75;22.52;21.85;20.94;22.31;20.78;22.46;21.85;22.53;20.91;21.47;20.6;20.35;21.23;21.45;21.39;21.48;20.97;21.93;21.94;21.5;20.73;21.07;22.29;22.9;23.25;22.97;21.87;21.59;21.88;21.27;21.13;21.5;21.91;22.35;22.48;22.14;21.64;21.4;20.9;21.41;21.01;21.06;20.49;20.97;21.22;21.26;22.39;21.94;21.66;20.87;22.0;21.83;22.1;20.88;21.54;21.49;21.68;21.95;22.28;21.03;21.5
2025-07-24 10:46:24.580187;22.0;21.21;22.14;21.97;20.56;21.73;22.17;23.19;22.88;24.19;21.11;21.9;22.64;20.49;20.36;22.3;21.2;22.84;22.46;22.24;22.2;21.44;22.57;22.43;22.52;20.66;22.9;22.09;20.75;23.74;21.18;21.4;22.66;21.64;21.55;22.08;21.62;21.98;21.65;21.3;21.5;24.04;21.37;21.97;22.72;23.36;21.6;21.97;23.14;21.91;23.72;21.9;21.43;22.92;21.64;21.37;22.93;21.74;21.97;21.31;22.35;21.96;21.78;21.58;22.04;22.32;21.08;22.33;21.43;22.03;22.31;22.2;21.36;21.04;21.96;21.14;21.77;21.35;23.8;22.6;20.71;22.25;22.02;22.92;21.24;20.78;22.51;21.37;21.5;22.6;21.34;21.78;21.76;21.36;22.15;21.88;21.28;20.92;21.66;22.0;21.78;21.46;23.67;21.56;22.32;22.36;20.71;21.75;22.04;20.78;21.74;22.0;22.16;22.23;23.08;22.06;22.15;21.21;21.88;21.96;21.13;21.61;21.55;21.73;21.58;22.32;22.14;21.05;22.44;22.28;21.41;21.88;22.23;21.45;22.02;21.79;21.56;22.76;21.07;22.17;21.03;23.23;21.25;22.99;22.25;21.86;21.42;21.89;23.43;22.03;20.76;21.28;22.86;23.54;21.86;20.72;20.49;22.07;21.74;20.88;21.85;21.45;20.81;22.02;22.12;22.75;22.14;21.74;21.53;22.12;22.05;22.21;23.31;21.31;21.11;21.93;21.15;22.6;21.92;23.25;20.41;23.13;21.66;21.87;21.78;21.55;22.56;22.21;22.43;22.21;21.79;20.66;21.94;21.04;22.55;21.71;20.71;21.68;21.78;20.53;21.79;20.08;22.05;21.17;21.17;22.01;20.68;21.75;22.78;22.51;21.97;21.29;22.01;22.49;20.29;22.14;22.1;22.08;23.22;21.6;20.32;21.59;23.74;21.96;22.21;22.42;22.24;22.09;21.53;20.96;21.67;21.46;21.45;21.51;21.52;22.4;21.66;22.82;21.12;21.52;22.74;22.02;22.59;21.48;22.14;21.28;20.85;22.22;22.87;21.64;21.2;21.5;21.55;22.31;20.5;22.81;22.93;21.51;21.12;21.85;22.12;20.72;22.01;21.46;22.75;22.95;21.81;22.92;20.67;21.1;23.77;22.06;22.64;23.25;22.36;22.67;21.42;22.6;21.69;23.03;22.46;22.43;22.15;21.55;21.74;21.67;20.5;22.71;22.52;21.98;22.06;20.43;20.68;23.23;23.22;22.1;22.08;21.9;21.32;20.71;22.48;21.75;20.52;21.66;22.01;22.06;22.05;20.7;23.09;21.71;22.54;20.68;23.71;23.13;21.0;21.13;22.77;21.79;23.14;22.06;22.51;22.91;22.08;22.95;22.39;21.98;23.36;22.95;21.64;19.74;20.83;22.12;21.55;22.7;22.68;21.47;22.7;23.5;21.89;21.84;23.09;20.8;23.48;21.1;22.16;20.75;22.14;23.97;23.34;22.77;22.88;20.28;22.95;20.4;21.66;22.11;22.19;22.13;21.81;20.59;22.6;22.69;22.38;21.33;21.43;21.64;22.64;20.77;22.93;22.99;20.55;21.24;21.76;21.8;21.82;21.6;22.32;21.38;22.08;20.74;22.85;21.7;21.38;20.14;19.96;23.33;22.69;22.36;22.18;22.07;21.47;22.54;21.47;21.18;22.74;21.78;21.81;22.52;22.29;21.53;22.29;22.14;21.27;20.83;21.97;21.69;22.23;20.43;22.38;23.08;21.8;21.7;22.26;22.52;21.63;23.23;22.77;21.18;22.11;21.46;23.23;21.43;22.72;21.97;22.15;20.91;22.71;21.46;20.72;22.49;22.43;21.84;22.02;21.37;22.21;22.16;22.07;20.82;21.62;21.77;22.57;22.94;22.8;22.3;21.73;21.57;20.83;20.91;21.83;21.88;22.23;22.74;22.77;22.28;20.87;20.9;21.59;21.27;21.38;21.35;20.73;21.36;22.05;22.23;22.25;21.41;22.06;21.78;21.38;22.03;21.16;22.35;21.43;22.37;22.03;22.47;21.86;21.48
2025-07-24 10:46:24.853959;22.14;21.28;22.67;22.18;20.6;21.84;21.72;22.33;21.77;22.2;21.74;22.22;21.94;19.83;21.25;21.92;22.33;22.7;22.05;22.06;21.72;21.02;22.0;21.92;20.59;20.17;22.93;21.95;20.16;23.28;20.81;20.71;22.15;21.77;21.56;22.89;21.85;21.43;21.88;21.6;21.08;22.98;21.79;21.97;22.52;21.8;21.53;21.63;23.03;22.23;23.24;22.3;21.73;21.66;21.92;20.84;22.12;21.77;21.86;21.28;22.43;21.72;21.76;21.18;21.78;21.69;20.51;21.55;21.95;21.48;21.79;22.34;21.78;21.36;22.14;22.03;21.66;21.43;23.48;21.94;21.08;21.15;21.07;21.91;20.82;20.46;21.39;21.01;20.97;22.67;21.72;21.71;21.92;20.98;22.52;21.3;21.76;22.12;21.39;21.5;22.22;22.18;23.25;21.88;22.44;22.1;21.29;21.97;22.03;20.25;21.51;21.79;21.63;21.65;22.41;21.9;21.52;20.71;21.63;22.06;21.58;21.1;21.76;22.35;22.36;22.5;22.22;21.72;23.28;21.52;22.28;20.88;21.64;21.84;22.35;20.96;21.27;22.37;20.24;21.42;21.25;23.59;20.62;21.97;22.88;21.26;22.5;23.38;22.98;22.3;20.94;20.5;22.66;23.19;21.42;19.58;21.03;22.32;21.9;20.39;21.1;21.38;21.21;21.52;22.32;21.81;22.33;21.66;21.67;22.06;21.46;22.04;22.73;21.8;21.78;21.09;21.21;22.12;21.08;22.96;20.83;22.51;21.43;21.48;21.28;22.51;22.32;21.27;21.26;21.25;21.57;20.49;21.87;19.7;22.0;21.95;20.32;21.63;21.59;21.84;20.38;21.59;21.79;21.01;21.47;22.28;21.34;20.97;22.38;22.93;20.99;21.27;20.55;22.82;20.17;21.26;22.32;22.67;22.03;21.92;20.66;21.09;22.83;22.6;22.83;21.13;21.95;21.48;22.01;21.09;21.35;21.22;21.82;21.9;22.09;21.65;22.3;22.47;21.23;21.95;22.51;22.33;22.64;21.66;22.05;21.06;21.49;21.49;22.22;21.51;20.36;21.73;20.12;21.95;21.01;22.5;22.17;21.82;20.1;21.81;22.06;20.04;21.9;21.87;23.45;23.57;21.53;22.69;20.83;21.52;23.42;22.81;21.99;23.16;22.53;21.75;20.43;22.03;22.5;22.31;22.48;22.21;22.58;21.48;21.54;21.57;20.53;22.53;21.98;21.59;21.88;20.46;21.09;23.17;22.68;21.89;22.72;21.41;21.65;21.22;21.89;22.71;21.23;21.53;22.3;21.58;22.66;21.01;23.26;21.8;22.0;21.0;23.55;22.74;20.91;20.43;22.49;21.44;21.85;22.74;22.02;22.94;21.93;22.65;22.19;21.39;23.5;23.32;20.95;20.42;20.15;21.15;20.99;21.9;23.21;21.32;22.49;22.88;21.88;22.03;22.9;21.07;22.42;20.64;22.32;20.71;22.86;23.47;22.93;22.58;21.92;21.95;22.5;21.24;22.05;23.08;22.74;21.41;21.78;20.1;22.35;22.75;22.28;21.72;21.0;20.67;22.68;21.38;24.09;21.76;20.88;20.86;20.8;21.52;21.81;22.2;21.47;21.58;22.64;20.93;21.98;21.28;21.93;19.99;19.9;23.32;22.79;22.92;22.17;23.01;21.15;22.39;21.45;21.09;22.99;21.32;21.46;21.39;23.07;21.66;22.22;21.81;21.37;20.26;22.98;21.87;21.9;21.4;21.78;22.93;21.6;22.81;22.66;22.68;21.59;23.16;22.25;20.64;22.45;21.35;22.64;21.85;22.1;22.39;22.14;21.14;21.62;22.56;21.02;22.38;21.97;21.08;22.01;21.22;22.5;22.01;22.59;20.51;22.0;21.59;22.43;22.04;22.89;22.07;21.45;21.62;21.15;21.03;22.29;21.23;22.15;22.7;23.6;21.81;21.18;20.94;21.83;21.96;20.2;21.4;20.92;21.51;21.97;22.29;21.76;21.16;22.31;22.75;21.64;21.21;21.13;22.66;21.27;21.5;21.83;21.66;21.66;21.22
2025-07-24 10:46:25.018240;21.94;21.81;22.82;21.8;20.58;21.5;20.98;21.95;21.1;23.15;21.61;21.83;22.61;21.63;21.61;21.59;21.95;21.48;20.98;21.67;21.68;20.51;22.0;22.43;21.8;21.33;22.47;22.12;19.89;22.34;20.76;21.1;21.92;21.76;21.87;23.0;21.8;21.1;21.54;22.18;20.85;22.86;21.5;21.88;22.71;21.7;21.87;21.39;22.32;23.25;22.57;21.77;21.37;21.62;21.79;21.54;22.39;22.6;22.21;20.64;22.3;21.91;22.5;21.48;22.05;21.27;20.53;21.39;21.53;22.22;21.17;22.37;22.51;21.5;22.8;21.45;21.7;21.34;22.04;21.95;21.43;21.08;21.09;21.91;21.58;20.41;21.28;20.8;20.02;22.92;21.32;22.01;22.3;21.02;23.18;21.21;21.43;21.5;21.96;22.09;21.67;21.7;23.16;22.22;22.71;22.23;21.22;21.69;21.59;20.58;21.52;21.63;22.01;21.6;23.16;21.34;21.27;21.77;21.36;21.8;21.68;20.89;21.75;22.53;21.6;21.27;22.21;22.46;23.1;20.83;22.53;21.74;21.71;22.02;22.58;21.44;21.34;22.2;21.39;21.02;22.35;23.22;21.21;22.22;22.09;22.15;22.69;22.84;21.93;21.15;21.21;20.62;21.91;22.3;22.04;20.17;21.02;21.38;20.71;20.71;20.48;20.29;20.91;22.4;22.88;22.06;22.78;21.22;22.08;22.25;21.69;22.72;22.02;21.99;21.56;20.57;21.02;21.92;21.29;23.43;21.75;22.06;21.31;22.09;22.29;22.94;21.86;21.23;21.38;20.65;21.05;19.95;22.06;20.37;21.93;21.75;20.61;21.87;21.91;22.11;21.32;21.95;22.51;21.02;21.41;22.08;21.8;21.17;22.44;22.6;21.73;21.54;20.5;21.92;21.19;21.23;21.78;23.52;22.15;22.71;21.86;21.55;23.29;22.39;22.09;21.35;22.32;21.76;22.9;21.67;21.62;20.9;22.22;21.97;21.85;21.58;21.96;23.0;21.72;22.04;23.02;22.55;22.87;22.09;22.13;23.07;21.94;21.88;21.56;21.63;20.99;21.77;20.7;22.31;21.81;22.43;22.93;22.15;21.09;20.81;22.7;20.1;22.06;20.72;22.78;23.0;21.72;22.94;20.74;22.16;23.09;22.53;21.29;22.17;21.39;22.2;21.1;22.23;21.63;21.09;22.72;22.41;23.59;22.09;21.46;21.99;20.81;22.72;22.65;21.19;21.09;20.09;21.49;22.18;22.56;21.09;23.26;22.48;22.51;21.21;21.92;21.98;22.06;21.33;21.46;21.59;22.29;20.22;22.5;22.28;22.03;21.45;24.02;22.37;21.5;20.99;22.33;22.58;22.86;22.85;22.59;22.58;22.39;22.85;21.89;21.73;22.24;22.26;21.86;20.52;20.62;22.28;21.55;21.59;22.44;22.01;22.03;22.44;20.62;22.04;22.3;21.26;22.4;20.71;23.47;21.19;22.44;23.87;21.9;22.96;21.84;21.42;22.01;21.7;21.83;22.67;22.08;21.17;21.64;20.25;22.9;22.92;22.32;20.77;20.8;20.51;21.45;21.0;24.02;21.48;21.66;20.9;21.72;21.27;22.12;21.58;21.72;22.85;21.47;20.88;22.2;22.29;22.15;19.58;20.66;22.67;22.01;22.32;23.11;21.97;21.33;22.08;22.76;20.45;22.51;21.22;21.55;21.77;22.64;21.34;22.22;21.46;21.67;20.41;23.88;21.57;21.16;21.91;21.88;22.33;21.79;22.51;22.42;22.26;21.17;22.85;21.53;20.23;22.62;21.98;22.26;22.19;21.8;22.44;21.98;22.42;21.49;22.33;21.45;22.41;22.61;20.68;22.97;21.89;21.92;21.98;22.03;19.86;23.13;21.06;22.23;22.26;22.13;22.12;21.16;21.94;20.51;21.25;21.72;20.84;21.44;23.29;22.66;22.43;20.72;20.95;22.22;22.52;20.59;22.13;20.06;21.87;21.86;21.83;22.03;21.39;21.81;22.93;21.82;20.58;21.7;21.85;21.95;21.38;21.66;21.26;21.22;21.73
2025-07-24 10:46:25.282211;21.48;22.63;22.76;22.15;21.74;20.65;21.25;22.22;20.81;23.21;20.96;21.06;23.36;21.17;22.16;22.17;23.1;21.27;21.67;21.42;21.56;20.23;21.69;22.3;21.43;21.32;22.06;22.68;19.92;22.57;20.9;21.08;21.91;22.0;21.61;22.5;22.21;21.41;21.14;22.05;22.65;22.51;21.65;22.31;22.44;22.45;22.71;21.63;21.96;23.12;22.13;21.37;21.18;21.29;22.03;21.98;22.47;23.01;21.92;21.52;22.76;21.88;22.68;22.25;21.68;22.96;21.02;21.9;21.82;21.84;21.66;22.31;21.67;21.15;22.19;22.02;21.78;21.93;21.97;21.54;21.66;21.66;20.95;22.58;22.98;20.8;22.56;21.79;20.45;22.12;21.0;23.25;22.6;20.52;21.76;21.05;21.35;22.21;21.84;21.77;22.01;21.29;22.52;22.62;23.32;21.91;20.8;22.38;21.8;20.49;21.83;22.02;22.2;21.36;22.76;21.3;20.7;21.96;21.38;22.22;21.54;21.98;21.47;22.58;20.39;21.38;22.19;22.88;23.5;20.93;22.29;22.29;22.13;21.14;21.96;21.48;21.26;22.34;21.51;21.46;21.58;22.95;21.27;22.35;21.6;22.0;22.53;23.36;22.41;20.61;21.36;19.96;21.44;21.53;20.53;19.92;22.15;21.97;21.18;20.6;20.22;21.43;21.67;22.52;23.08;21.98;22.71;22.21;22.82;22.22;21.08;22.75;22.2;21.78;20.89;21.16;20.95;21.16;21.63;22.09;21.79;22.98;21.86;22.32;22.31;22.23;21.98;21.84;22.46;20.32;21.92;20.31;21.26;20.6;21.97;21.39;21.04;21.47;21.61;21.44;20.98;22.05;22.28;22.25;20.83;21.79;22.45;22.24;23.34;22.12;21.41;21.8;20.85;22.23;20.83;20.65;21.98;23.16;22.85;22.99;22.97;21.75;22.93;22.46;21.35;21.32;22.5;20.82;22.21;21.89;22.52;20.57;21.93;21.99;21.19;21.54;21.89;23.18;22.13;21.98;22.58;22.27;21.87;21.31;21.63;22.31;22.46;21.46;21.86;22.58;20.25;21.34;20.95;22.33;20.96;22.56;23.0;21.46;20.24;20.33;21.46;20.66;21.66;20.99;22.14;22.23;21.44;23.89;20.07;21.82;22.76;22.5;21.42;22.68;21.87;21.8;21.02;23.26;22.64;20.55;21.7;22.9;22.47;21.96;21.54;21.16;20.72;21.78;23.03;22.14;20.87;21.43;21.73;22.21;22.38;20.9;21.64;21.86;22.08;21.05;22.59;21.96;22.09;21.48;22.42;22.06;22.48;20.89;22.15;22.01;22.52;21.71;23.51;21.94;21.46;20.34;22.81;23.07;22.3;22.6;22.53;22.17;22.09;21.66;21.28;22.45;21.96;22.26;22.72;21.24;21.84;23.04;21.83;21.89;22.73;22.16;21.47;21.57;21.74;21.93;22.05;21.4;23.74;20.33;21.67;22.29;22.76;23.7;21.71;21.88;21.74;21.87;22.23;22.09;22.43;22.34;20.59;21.77;20.82;21.48;22.84;22.88;21.73;21.49;20.28;21.76;22.16;21.87;23.02;21.84;21.44;21.15;20.58;21.62;21.73;21.75;22.04;23.0;22.03;19.57;22.97;22.0;22.46;19.38;20.25;22.13;21.38;22.35;22.84;23.16;21.86;21.16;22.97;21.69;22.28;20.01;21.78;20.92;22.57;21.69;21.83;22.22;20.72;20.07;22.57;21.31;21.38;21.48;21.66;21.87;22.16;22.65;21.93;21.48;21.27;22.99;21.3;20.88;22.6;22.09;22.29;21.29;22.39;22.61;22.11;22.58;20.57;21.67;21.52;22.18;22.46;20.19;21.81;22.08;22.24;21.74;22.54;20.77;22.35;21.58;21.94;23.26;22.4;21.5;21.35;22.31;21.7;20.76;21.05;22.02;21.25;22.41;21.97;21.69;21.41;21.71;23.12;22.85;21.43;22.18;21.24;21.57;21.57;21.81;21.97;21.74;21.78;22.75;22.18;20.97;21.49;21.14;22.45;22.25;21.63;20.98;20.66;20.91
2025-07-24 10:46:25.440177;20.94;21.99;23.01;21.44;21.71;21.3;21.85;21.96;21.83;22.62;21.22;21.22;22.87;20.57;23.19;21.12;23.55;21.58;21.68;21.06;21.25;21.34;22.73;22.26;21.65;21.01;21.95;22.49;20.63;21.89;20.95;20.9;22.06;21.36;22.55;22.4;22.6;22.11;21.62;23.29;22.31;22.42;20.91;21.54;21.77;22.08;22.25;21.3;21.34;22.18;22.79;21.29;21.25;21.25;21.34;22.43;21.04;23.29;22.02;21.28;22.9;22.03;23.46;22.51;21.43;22.56;21.08;21.96;21.79;21.45;22.24;21.71;20.9;21.05;21.63;21.57;22.21;21.66;21.97;21.35;21.21;21.96;20.61;22.49;22.76;21.25;22.18;21.71;20.31;21.69;20.99;21.6;21.34;21.29;22.05;21.43;21.54;22.46;21.71;22.0;22.32;21.78;22.77;23.05;22.64;21.52;21.56;21.86;22.78;20.77;22.36;21.67;22.29;21.84;22.58;22.98;21.23;22.0;21.83;22.21;20.69;22.02;21.88;22.88;20.5;21.17;22.12;23.32;23.51;21.16;21.5;23.17;21.75;20.91;21.47;22.01;22.74;22.22;21.65;22.33;22.06;23.2;20.85;21.83;22.04;22.21;22.07;24.11;22.14;20.8;21.73;20.64;20.83;21.88;21.39;20.53;21.73;21.22;21.67;20.95;20.65;21.91;21.32;22.93;21.86;22.29;22.67;22.0;22.79;22.09;21.39;21.84;22.5;21.64;21.84;21.23;21.07;20.98;22.05;21.62;21.98;22.57;21.6;22.67;22.85;22.05;23.03;21.82;22.79;20.62;21.79;20.71;21.91;21.22;22.58;21.73;21.02;21.68;21.92;21.42;21.43;21.71;22.49;22.35;20.6;21.88;21.48;21.97;22.93;21.87;21.1;20.8;20.84;21.87;21.49;21.89;21.64;22.98;23.1;22.39;22.09;21.6;22.72;21.97;19.69;21.02;21.57;21.21;21.94;21.78;22.63;19.82;21.8;21.94;21.6;21.82;22.8;23.52;21.92;22.16;21.96;22.49;22.23;21.66;21.52;21.93;22.5;21.73;22.12;22.94;20.42;20.11;20.92;22.11;20.6;22.66;23.04;21.86;20.1;21.46;21.68;21.11;21.56;21.66;22.37;22.63;21.16;22.16;20.47;22.72;23.02;22.52;21.16;23.26;22.68;21.75;20.77;24.0;22.27;20.58;21.72;23.64;22.33;23.71;21.25;22.32;21.13;20.93;21.95;22.92;20.78;21.17;21.21;22.81;22.78;20.47;22.36;21.85;21.68;21.12;21.42;22.42;22.34;20.64;22.46;21.76;21.57;21.04;22.28;22.66;23.19;21.62;23.89;21.96;22.42;21.07;22.47;22.26;21.84;22.56;22.62;22.5;22.52;20.86;20.82;22.44;23.1;23.24;22.62;21.45;21.85;22.25;22.21;22.34;22.79;22.46;20.91;21.81;20.78;21.66;22.2;21.49;23.93;20.38;21.26;22.41;22.85;23.87;22.11;20.79;21.82;21.12;22.22;21.9;21.62;22.64;19.76;22.76;21.28;21.57;23.46;22.53;21.58;21.35;20.64;22.38;21.51;21.13;22.05;21.44;21.76;21.01;20.23;23.34;20.64;21.45;22.87;22.74;21.07;19.79;22.89;21.52;22.96;19.64;20.49;21.06;21.13;22.33;22.81;22.49;20.71;20.87;22.31;21.11;22.47;20.09;21.79;21.27;22.47;21.35;22.39;21.71;21.07;21.14;22.65;21.12;21.36;21.44;21.68;22.43;22.15;23.18;21.01;21.72;20.71;22.53;21.71;21.41;21.92;22.47;22.14;21.34;21.73;22.29;22.47;22.46;20.41;22.28;22.34;21.66;22.54;20.68;21.9;21.78;22.81;21.85;23.08;21.09;22.71;21.52;22.47;22.29;21.79;22.02;20.84;21.76;21.16;20.6;21.21;21.99;21.89;21.69;22.31;20.96;21.52;22.13;23.44;22.55;21.35;21.63;21.08;21.79;20.87;21.97;21.41;21.68;21.27;22.99;22.56;21.89;22.53;20.76;22.82;21.66;22.07;21.31;20.55;21.44
2025-07-24 10:46:25.768352;21.16;21.75;23.11;21.27;21.94;21.56;22.69;21.48;22.4;22.15;21.71;21.54;22.75;21.37;22.48;20.76;23.6;21.32;21.59;21.79;21.6;20.95;23.21;21.57;21.25;21.54;22.98;21.22;20.79;21.93;20.92;20.5;22.56;20.24;21.97;23.31;22.32;21.66;21.87;22.54;21.96;21.75;20.85;21.48;22.5;21.78;22.0;21.91;21.65;21.49;23.03;21.13;21.84;21.24;21.6;22.45;21.21;23.78;22.54;22.14;22.42;21.17;22.89;22.13;21.88;22.28;20.94;21.34;22.54;20.56;22.62;21.67;20.64;21.62;22.62;21.8;22.4;21.34;22.3;21.23;20.6;20.34;20.87;21.63;22.63;22.08;21.64;21.66;20.0;22.08;21.76;22.3;20.85;21.49;22.24;21.76;20.6;22.12;21.58;21.62;21.75;21.92;22.85;21.69;22.42;21.8;21.67;22.34;23.56;21.49;22.04;21.68;21.83;21.67;22.35;22.85;21.26;22.92;22.09;21.64;20.27;21.61;21.2;22.29;20.64;21.9;21.36;23.42;23.9;20.93;21.05;22.0;23.03;21.49;21.97;22.11;22.61;21.75;22.54;22.79;21.9;23.9;21.2;21.34;22.47;22.49;21.48;23.63;21.7;22.15;21.8;21.14;21.16;21.16;21.91;20.56;21.8;21.06;20.56;22.32;21.22;21.6;20.75;22.2;21.58;21.29;22.35;23.03;22.32;21.14;21.96;21.71;22.08;22.52;21.19;21.23;21.59;21.01;22.23;21.96;21.77;22.47;21.97;22.87;22.33;21.9;22.38;21.3;22.67;20.92;20.92;22.17;22.67;21.15;21.39;22.55;20.81;21.61;23.19;21.57;21.14;21.45;21.69;22.15;20.84;21.0;21.74;21.12;22.11;21.82;21.43;21.66;20.93;22.13;21.68;21.65;21.49;21.67;21.96;22.66;21.25;21.25;22.08;22.3;20.22;21.14;21.94;20.61;21.03;21.68;23.06;20.02;21.28;22.02;20.83;20.69;22.83;23.01;22.14;22.49;21.97;22.89;22.58;21.86;21.53;21.14;22.48;21.59;21.38;23.32;20.72;20.31;21.82;21.76;21.22;22.4;21.79;20.71;20.61;21.33;22.27;21.48;21.39;21.96;23.02;21.53;22.49;21.94;21.3;21.75;22.96;22.74;21.67;22.13;21.36;22.23;21.44;22.26;21.86;20.71;21.7;22.87;21.6;23.66;22.35;21.73;21.31;20.65;21.91;22.16;20.6;21.34;21.75;23.1;22.47;21.44;22.66;22.15;21.19;21.78;21.79;22.63;21.74;20.85;21.86;21.15;21.8;20.8;22.21;22.02;22.75;21.88;22.46;21.88;22.09;22.43;22.3;23.0;21.92;21.63;21.5;21.44;21.74;20.9;20.64;22.21;21.97;22.52;22.56;21.59;22.35;22.01;22.83;21.69;21.92;23.39;22.58;22.05;20.3;22.48;22.64;22.1;23.26;20.71;21.04;22.9;22.55;23.4;21.99;21.45;22.46;21.63;22.69;21.94;22.44;22.54;20.19;22.16;21.01;22.24;22.32;22.14;20.84;21.43;20.49;21.93;21.19;21.46;21.54;21.72;21.93;20.6;20.18;23.64;20.93;21.98;23.05;22.86;21.64;20.87;22.82;21.92;22.43;19.84;20.01;21.25;21.95;21.5;23.1;21.96;21.11;21.33;22.68;21.88;21.98;20.76;22.05;21.52;21.77;21.47;23.12;22.45;20.8;21.46;22.75;21.73;21.8;21.52;21.36;22.63;22.05;23.58;21.53;22.31;20.26;21.89;20.41;22.28;22.86;22.63;22.0;21.93;22.28;22.2;22.39;23.12;21.27;21.62;21.5;21.79;22.66;20.63;21.47;22.75;22.57;20.74;22.7;21.84;21.72;21.9;22.33;21.84;22.21;21.83;20.94;21.71;21.37;20.99;21.26;22.73;22.34;22.07;22.15;20.95;21.94;22.3;23.2;21.86;21.75;21.71;21.22;22.23;21.14;21.63;22.38;22.45;20.8;22.21;22.86;22.14;22.51;20.64;22.67;21.1;22.3;21.64;21.85;21.36
2025-07-24 10:46:25.915372;21.58;21.24;22.64;21.0;21.52;21.71;22.77;21.64;21.4;22.26;21.64;21.83;21.98;21.79;22.03;21.46;23.19;21.52;20.78;22.22;21.68;22.32;23.76;21.76;21.5;21.68;22.76;21.71;21.15;22.62;22.45;21.44;22.78;20.82;22.72;22.88;22.93;20.52;21.46;22.24;22.22;21.85;21.47;22.19;22.58;20.95;21.94;21.96;21.94;22.04;22.53;21.49;21.72;21.1;21.49;21.38;21.0;23.4;22.67;21.89;20.73;21.52;22.33;21.69;22.07;22.31;21.24;21.1;22.78;20.9;22.38;21.7;20.86;22.91;22.75;21.33;22.19;21.8;22.44;21.03;21.27;21.33;21.04;21.44;22.71;22.39;21.5;20.88;20.83;22.18;21.01;21.59;20.75;21.31;22.45;21.95;20.95;22.18;21.26;22.32;21.32;21.51;22.44;22.93;21.95;22.25;21.27;22.09;23.86;22.83;22.51;20.79;21.54;21.8;21.45;21.72;21.34;22.36;21.97;21.05;20.84;20.88;23.09;22.05;22.05;21.75;21.38;23.63;21.85;21.23;21.79;21.75;23.04;21.63;21.92;21.63;22.06;20.51;22.06;21.89;21.82;23.32;21.91;20.81;22.87;22.31;22.06;24.12;21.34;22.08;22.44;21.23;20.91;21.08;22.03;21.32;21.67;21.08;20.24;21.85;21.28;21.79;21.25;21.35;22.53;22.03;22.75;22.77;22.31;21.44;21.5;21.76;21.66;22.69;21.48;21.52;21.18;21.79;21.96;22.27;21.31;21.76;22.32;23.06;21.49;22.03;22.3;21.05;22.46;21.64;21.25;21.97;22.35;21.65;21.62;22.44;22.5;21.36;22.78;22.31;21.14;21.46;21.48;21.58;21.34;20.84;22.23;22.27;21.97;22.36;21.18;21.54;20.13;21.33;21.6;21.9;21.44;21.63;21.84;22.07;21.18;21.23;21.48;22.83;20.5;21.62;21.33;21.35;21.81;20.8;22.25;20.95;21.79;22.85;21.47;20.75;23.17;22.02;22.22;22.74;22.16;23.13;22.65;22.43;22.17;20.82;21.89;21.21;21.53;22.83;22.42;21.05;22.57;22.01;20.57;22.86;21.49;21.14;21.42;21.17;23.0;22.64;21.73;21.62;23.13;21.69;23.4;21.75;21.17;21.49;22.35;21.82;22.18;22.21;21.12;22.41;21.66;22.39;22.31;21.04;22.16;22.93;21.35;23.56;22.13;21.08;22.63;20.81;22.92;22.76;21.72;21.42;22.66;22.7;22.13;20.86;22.71;21.21;20.75;21.19;21.84;22.51;21.51;20.79;22.71;20.9;21.8;21.32;22.05;21.2;22.26;21.73;22.12;21.89;21.53;21.88;22.17;21.93;21.3;21.52;21.4;21.36;21.07;21.39;20.31;21.39;21.58;22.25;22.81;21.34;23.41;22.01;22.12;22.4;22.36;23.04;21.62;20.84;21.51;22.67;22.3;21.83;23.69;21.95;21.6;23.31;23.37;22.71;22.66;21.14;21.66;21.84;21.62;22.74;23.21;23.62;20.67;21.98;21.56;21.41;23.21;21.9;21.79;21.68;21.24;21.45;22.3;21.68;22.45;21.66;21.13;21.49;20.75;22.9;20.77;21.87;22.5;21.37;20.56;20.77;21.91;22.09;22.21;20.39;21.15;22.63;20.96;22.23;23.87;22.3;21.4;21.66;22.24;21.87;21.65;20.95;22.17;21.86;21.13;22.48;23.74;21.89;20.12;21.52;21.66;21.82;21.41;21.83;21.38;22.14;21.6;22.71;22.43;22.53;20.53;22.29;20.57;22.27;22.74;22.11;21.93;22.63;22.41;21.96;22.71;21.83;22.51;20.57;22.1;22.05;21.58;21.48;21.29;22.05;22.28;21.05;22.06;22.45;21.95;21.88;22.47;22.44;22.21;21.9;21.07;21.36;20.72;21.1;20.85;22.98;22.9;21.91;21.9;20.65;21.14;22.07;23.35;21.72;22.54;21.36;21.39;23.07;21.49;21.37;21.55;21.4;21.19;21.51;22.46;21.79;22.98;20.68;21.98;21.95;21.93;23.15;21.8;21.46
2025-07-24 10:46:26.306524;21.05;21.15;22.47;20.5;21.35;21.93;23.0;22.31;20.75;22.44;20.99;20.6;22.15;22.06;22.79;20.95;23.29;21.81;21.38;21.44;21.59;21.68;23.22;21.99;21.12;20.78;22.67;21.47;21.7;22.77;21.44;21.4;22.78;20.47;23.64;22.4;22.04;20.8;21.88;21.55;22.27;22.46;22.03;22.07;22.66;21.6;22.75;21.6;20.98;21.59;22.23;22.06;22.24;21.08;20.99;21.34;21.35;22.02;22.32;22.1;20.92;22.42;22.5;21.43;22.77;22.49;21.58;21.51;23.52;21.05;22.48;22.27;19.21;22.97;22.22;21.16;23.03;22.15;22.77;20.97;22.02;21.47;21.38;21.52;22.26;21.55;22.0;20.84;20.97;22.6;21.11;22.77;21.37;21.38;22.53;22.87;21.88;21.8;21.19;21.02;21.68;22.23;22.52;22.87;21.98;22.54;21.08;21.38;22.85;22.05;22.35;21.58;21.28;21.43;21.53;21.03;20.34;22.58;21.78;20.72;21.17;20.89;23.2;22.73;22.01;21.35;21.83;22.58;22.41;20.95;20.58;22.74;22.85;21.15;21.51;21.75;21.45;21.07;21.53;21.34;22.3;23.16;21.61;21.77;21.9;22.61;21.41;22.67;21.95;22.04;21.85;20.91;20.79;20.71;22.0;20.85;21.75;21.29;20.62;20.89;22.07;22.19;20.78;21.93;22.54;21.32;22.1;23.19;21.86;22.75;21.69;21.66;21.97;22.03;21.52;22.11;21.23;20.76;21.96;22.0;21.15;22.73;22.08;22.45;21.62;21.51;23.01;21.41;22.0;20.85;21.0;22.57;22.77;21.28;21.89;21.81;22.58;21.46;23.22;22.28;21.15;21.74;21.36;22.31;21.31;20.82;22.22;23.71;22.73;22.23;21.66;20.35;20.15;21.95;22.06;21.55;21.49;21.09;22.69;22.59;21.1;21.63;22.55;21.99;20.38;20.91;20.48;21.91;22.29;21.59;21.19;21.29;22.62;23.0;21.17;21.29;22.96;22.47;21.76;22.2;21.76;22.32;22.57;21.38;21.75;21.61;21.61;20.97;22.11;22.58;22.77;21.35;22.46;23.19;20.66;22.34;21.65;21.2;21.51;21.37;23.12;22.38;20.81;21.91;22.81;21.33;23.48;22.07;21.1;21.6;22.08;21.71;22.67;21.82;21.2;21.33;21.08;22.18;21.4;21.0;22.08;23.23;21.86;23.58;22.02;20.23;22.77;21.48;21.92;23.12;21.06;22.02;22.36;22.32;21.47;20.82;22.04;21.19;21.26;20.78;22.92;21.76;20.82;21.1;22.55;20.85;21.93;21.15;21.57;20.9;21.56;20.65;22.31;21.87;21.51;22.16;22.46;21.48;21.41;22.63;21.8;20.99;21.42;22.15;20.42;21.15;21.6;21.79;22.45;22.46;22.95;21.14;21.59;22.48;22.47;23.52;21.68;21.47;21.73;22.37;22.01;21.2;23.29;22.58;22.1;22.93;23.01;21.72;21.76;20.58;21.18;22.55;21.11;22.2;23.37;23.59;21.39;22.44;21.98;21.22;23.14;21.48;22.38;22.54;21.81;21.65;22.42;22.63;22.67;21.38;21.9;21.48;20.6;22.41;21.14;21.9;20.93;21.55;21.11;20.91;21.97;21.85;21.64;20.98;21.41;22.42;20.86;21.68;23.12;21.91;21.11;21.77;21.44;21.4;21.91;21.35;22.37;21.56;21.16;22.5;22.22;21.47;20.95;21.6;21.55;21.27;21.89;21.94;21.6;22.3;21.96;22.01;21.91;22.37;22.07;22.62;20.89;21.81;23.27;21.76;21.38;21.97;21.63;21.32;22.57;21.96;22.29;21.66;21.79;22.82;21.66;22.29;20.63;22.73;22.22;21.4;22.55;21.89;20.83;21.33;22.04;22.05;21.47;21.74;20.28;21.98;20.6;20.85;20.94;22.74;22.77;21.09;21.11;21.06;21.05;22.09;22.91;20.64;22.04;21.17;22.6;22.71;21.44;21.74;21.63;21.53;20.88;20.31;22.45;21.16;23.12;21.23;22.06;21.55;21.15;23.25;21.96;21.54
2025-07-24 10:46:26.586548;21.3;21.34;22.63;20.43;20.91;22.6;21.46;22.52;21.1;22.66;20.9;20.14;22.9;22.19;22.31;21.42;22.52;21.82;20.87;21.76;21.62;21.97;22.6;21.69;21.28;20.84;21.9;21.84;21.03;23.51;21.38;20.97;23.01;21.46;23.27;22.02;21.7;20.86;21.92;22.24;21.5;22.14;22.11;21.8;22.39;22.74;22.46;22.03;20.34;21.75;22.23;22.06;22.28;21.79;20.75;22.53;21.82;22.9;22.3;22.91;21.56;21.76;23.28;20.99;22.87;22.73;21.77;20.98;23.25;21.69;22.11;20.79;19.69;22.67;21.85;20.39;23.02;21.84;22.03;21.75;23.03;21.28;22.11;20.86;22.81;22.04;21.1;20.88;20.91;21.75;21.69;22.56;21.01;21.67;22.98;22.59;22.12;21.47;22.05;20.75;22.39;22.97;22.24;22.74;21.97;21.87;20.54;21.62;22.59;22.23;22.2;21.24;21.67;21.49;21.87;20.8;19.78;21.37;21.35;20.76;21.52;21.75;23.13;22.58;21.92;22.29;22.26;21.8;22.68;21.03;21.19;23.26;22.34;21.2;22.02;21.88;22.17;21.95;20.89;21.1;22.0;22.8;21.28;21.3;21.47;21.04;21.26;22.61;22.18;22.28;21.64;21.23;21.54;21.47;21.99;21.47;21.73;21.75;21.2;20.47;21.77;22.03;21.27;21.71;22.26;22.04;22.17;22.97;22.05;23.28;21.29;21.57;22.78;22.04;22.07;21.75;20.93;21.07;22.44;21.98;20.57;22.0;21.76;22.65;22.16;21.66;22.68;21.18;21.48;20.92;21.35;22.34;22.86;21.16;22.54;21.49;22.8;21.22;22.24;22.24;20.38;21.82;21.12;22.49;21.47;21.17;22.11;22.68;22.63;21.83;21.16;21.03;20.76;22.41;22.22;22.21;21.87;21.21;22.7;22.72;22.17;21.29;23.72;21.78;20.79;22.15;20.42;21.61;22.17;22.17;20.71;21.87;21.33;22.81;22.15;22.0;22.66;22.62;21.98;21.81;21.53;22.16;22.56;22.36;21.59;21.04;20.23;20.57;21.28;22.91;22.93;21.75;21.65;23.01;21.88;21.99;21.71;21.87;21.89;21.24;22.71;22.0;21.95;21.35;22.46;21.92;21.77;22.07;21.8;20.8;21.52;21.66;22.23;20.32;21.82;21.67;21.1;21.7;20.85;20.91;22.7;23.01;21.89;22.71;21.95;21.73;22.08;21.22;21.86;22.61;21.86;22.08;21.43;22.47;22.55;21.84;22.83;21.69;21.02;21.31;23.05;22.31;20.84;20.98;21.91;21.24;22.54;21.26;22.04;22.41;22.61;21.31;21.77;20.2;20.99;21.76;21.39;21.41;20.44;21.56;21.41;21.34;21.99;22.3;21.41;20.9;22.29;22.43;22.14;21.68;21.72;21.38;21.47;22.59;22.09;22.82;21.91;21.87;20.98;21.89;21.85;21.67;22.82;22.16;22.14;22.85;22.45;21.87;21.86;20.73;21.65;22.39;22.15;21.98;21.38;22.23;21.47;22.04;21.97;21.49;22.9;21.57;22.64;21.81;22.16;21.09;22.21;22.45;20.71;21.58;21.95;21.07;21.76;21.45;21.14;22.34;21.05;22.27;20.74;21.34;22.51;21.41;22.14;21.16;22.18;21.86;20.42;22.52;23.34;22.05;21.22;22.38;21.52;21.99;21.67;20.85;21.98;21.78;21.86;22.96;21.97;21.23;21.11;20.43;21.39;21.72;22.7;21.26;22.1;22.41;22.53;21.78;22.0;22.42;22.54;22.65;21.61;22.72;23.54;21.39;22.36;21.69;21.65;21.61;22.02;22.14;22.25;21.4;21.76;23.06;22.19;20.65;20.78;22.16;21.72;21.99;22.41;22.52;20.19;22.21;22.22;22.63;21.57;21.75;21.33;22.39;20.9;22.23;20.5;22.97;22.31;20.22;20.64;22.02;21.52;22.63;21.95;21.58;21.54;21.07;21.75;21.83;21.67;22.42;22.05;21.88;21.33;20.68;22.84;21.52;21.7;20.96;22.08;21.89;21.96;22.78;21.79;21.26
2025-07-24 10:46:26.909722;21.58;21.83;22.96;21.39;21.34;21.64;21.39;22.69;19.68;22.01;20.0;21.17;21.85;21.14;22.23;22.09;22.01;20.35;21.39;22.08;21.65;21.23;22.24;22.13;21.7;20.2;21.97;21.74;21.78;23.47;20.97;20.36;21.92;21.69;22.09;21.41;21.03;20.86;21.72;22.06;22.26;21.89;21.74;22.02;21.87;22.95;23.23;22.27;20.62;21.69;21.44;22.06;22.24;22.84;20.56;22.43;22.19;22.35;22.48;23.03;22.54;22.13;22.08;21.09;22.08;22.36;22.19;20.93;21.45;23.24;21.9;20.64;20.54;21.46;21.97;21.42;22.52;20.99;22.76;22.72;22.46;21.59;21.12;20.76;22.44;22.55;22.42;21.13;20.41;21.66;21.64;22.34;21.21;22.29;22.73;22.85;20.9;20.9;21.62;21.99;21.82;22.05;21.64;22.82;21.21;21.06;21.59;21.86;22.26;21.78;21.14;21.64;21.99;21.39;22.1;20.94;20.21;19.94;21.61;21.08;21.87;22.31;23.12;22.19;20.72;21.85;22.36;21.39;22.87;20.66;21.55;22.76;21.69;21.31;21.66;21.62;20.52;21.46;19.66;20.79;21.7;22.11;22.35;21.13;21.63;20.6;21.27;22.59;22.62;23.13;21.92;20.52;21.38;21.07;21.11;22.06;21.64;21.25;20.98;20.01;21.57;21.16;21.93;22.71;22.1;22.27;22.22;22.81;23.04;22.37;21.04;20.64;22.76;22.76;22.57;22.11;19.91;21.42;22.52;22.82;20.84;22.8;21.68;22.69;21.04;21.78;22.05;20.39;20.78;20.81;21.02;22.23;22.24;20.97;22.2;22.28;21.7;21.97;22.19;22.48;20.38;20.64;21.95;22.21;23.0;20.43;21.57;21.76;22.22;20.76;21.78;20.21;20.95;21.93;21.76;21.38;20.77;21.31;22.37;22.17;21.68;22.08;23.62;21.04;20.38;22.08;20.67;22.3;21.51;22.97;21.8;21.93;21.31;21.57;21.46;22.06;22.14;23.37;21.88;22.47;20.68;22.54;22.33;22.12;21.11;20.59;21.14;20.93;21.52;22.17;22.33;21.33;22.12;23.28;22.09;22.44;20.62;21.87;21.06;20.83;22.0;21.95;21.53;21.16;22.51;21.04;22.41;22.36;22.04;21.49;21.83;21.6;21.9;20.43;21.52;21.79;20.64;22.3;22.18;20.64;21.84;22.44;22.27;22.82;22.54;21.46;21.59;21.89;22.19;22.86;21.85;21.4;20.86;23.05;21.98;21.45;21.97;22.97;21.58;21.2;24.06;22.68;21.76;20.81;21.77;20.2;22.05;20.17;22.01;22.02;21.56;20.44;21.93;20.52;21.38;21.8;20.74;20.58;19.73;21.78;21.67;22.61;21.6;21.11;21.5;21.48;23.06;22.07;22.2;20.97;22.41;21.97;21.07;21.51;22.0;21.9;22.0;21.54;21.46;21.83;21.73;21.3;22.38;21.68;21.4;21.42;21.8;21.66;21.8;21.25;21.47;22.43;21.44;21.84;21.68;21.08;22.25;21.18;22.88;20.41;21.94;21.07;22.21;21.4;21.84;21.54;21.97;22.12;20.96;21.41;21.57;21.87;22.2;21.77;21.16;22.55;20.82;21.33;21.96;22.25;22.33;21.53;22.27;21.59;22.66;21.37;21.16;21.66;23.24;21.43;20.52;22.06;21.62;21.79;21.19;21.32;22.05;21.97;21.61;23.16;21.74;22.11;22.02;21.03;21.6;22.25;22.7;21.43;21.93;21.55;22.44;22.08;21.64;22.66;21.94;22.1;22.59;22.61;23.15;21.68;22.66;21.06;21.31;21.63;21.57;21.31;22.42;20.76;21.63;22.49;21.15;20.61;20.93;22.17;22.63;22.08;22.08;22.02;20.18;22.22;21.54;23.1;22.36;21.85;21.17;22.13;21.17;21.9;21.92;22.42;22.06;20.65;20.02;21.4;20.45;21.81;21.14;20.85;21.88;20.48;20.88;22.24;22.58;21.33;20.55;21.14;21.25;20.16;23.5;21.76;21.65;22.04;22.76;21.69;22.27;21.88;22.23;21.13
2025-07-24 10:46:27.084845;22.13;22.44;22.08;22.03;20.94;21.9;21.46;22.75;19.94;21.46;20.99;21.57;22.34;20.76;22.54;21.87;21.57;20.42;21.7;22.61;22.08;20.88;22.33;22.24;21.55;20.85;22.2;22.08;21.86;23.43;21.37;20.75;22.56;20.97;22.23;21.0;21.37;21.19;22.19;22.45;21.39;21.82;20.89;20.73;21.92;23.01;23.34;21.74;21.81;21.11;21.84;21.68;21.51;23.19;20.47;22.56;21.52;22.5;22.14;22.64;22.6;21.26;21.06;21.12;22.07;22.49;22.9;21.4;21.74;23.85;21.59;21.82;20.39;21.66;22.07;21.41;21.88;20.58;22.64;22.71;22.16;22.42;21.4;21.42;21.87;22.24;22.87;20.3;20.07;22.01;21.96;21.5;19.99;21.91;22.16;22.67;21.39;21.19;21.87;22.23;22.12;22.08;22.34;23.47;21.76;21.42;21.78;22.06;21.77;21.94;21.28;22.28;22.18;21.91;21.98;21.42;21.57;20.74;21.35;21.92;22.39;22.22;22.48;22.77;21.67;22.12;21.21;20.85;21.98;20.36;21.46;22.09;21.2;22.16;21.68;20.96;21.39;21.1;20.74;21.92;22.05;21.63;23.2;20.6;21.7;21.02;22.11;23.11;23.05;23.57;21.05;20.9;21.91;21.61;21.06;21.87;22.06;21.45;21.78;21.41;21.29;21.86;21.25;22.07;22.2;22.65;23.05;22.18;23.19;22.04;21.29;21.29;22.6;22.58;21.94;21.74;20.91;21.98;23.21;22.08;20.98;23.14;22.12;22.23;21.96;21.67;22.03;20.4;21.2;20.84;22.25;21.31;22.81;21.51;22.39;21.88;22.27;21.47;22.44;23.18;21.38;21.1;21.78;21.02;22.92;20.88;21.05;22.09;21.88;20.9;22.13;20.27;21.14;21.21;21.61;21.21;21.24;19.76;22.4;21.97;21.26;21.97;23.72;21.01;20.97;21.12;21.65;21.28;22.04;22.74;22.13;23.14;21.63;21.19;23.17;21.49;22.37;23.46;20.82;22.03;20.92;21.9;22.15;22.29;22.15;21.21;22.41;21.99;21.79;21.62;22.48;21.5;22.48;22.63;22.27;22.14;21.27;21.57;21.52;21.42;22.15;21.89;21.51;20.89;22.6;20.71;22.15;21.74;21.99;22.35;21.76;21.48;22.35;21.46;22.11;22.24;22.31;21.93;22.03;21.28;21.36;21.64;22.07;22.31;21.78;21.01;21.32;22.86;22.44;22.48;20.44;20.75;21.22;22.58;22.73;21.54;21.74;22.44;21.13;21.65;23.72;22.27;22.11;20.55;21.7;21.43;21.92;19.95;22.37;21.9;22.44;20.66;21.89;20.9;21.61;21.81;22.04;20.18;20.21;21.61;21.71;21.91;22.03;21.26;20.69;22.11;22.7;22.22;21.76;21.24;22.46;21.47;21.68;21.2;22.54;22.2;21.31;21.66;21.97;21.06;21.8;20.81;22.73;22.01;21.63;21.08;22.48;21.86;21.34;20.89;21.48;22.12;21.43;21.87;22.57;21.34;22.45;21.83;21.94;20.42;21.51;21.09;22.66;21.72;21.86;22.06;21.78;21.75;21.84;21.66;21.78;22.54;21.68;21.46;21.04;22.6;20.83;21.4;22.6;22.05;22.95;20.66;22.08;21.68;23.01;21.53;20.83;20.6;23.55;21.74;20.38;21.69;20.89;21.1;20.81;20.95;22.94;22.09;20.8;22.91;22.25;22.52;22.34;21.09;21.98;22.05;21.77;21.9;21.98;21.59;22.81;22.5;21.95;22.76;21.81;22.03;22.21;21.77;22.1;22.03;23.18;21.9;21.54;22.58;21.81;20.57;21.81;20.59;20.88;22.49;21.59;21.44;21.18;22.59;22.57;22.21;22.44;21.73;20.67;22.42;21.98;22.51;21.25;21.85;20.44;21.98;20.9;22.68;21.99;22.11;21.61;20.78;19.7;22.06;20.85;21.79;21.61;21.65;22.41;21.36;20.39;22.86;22.59;21.19;20.43;21.08;21.49;20.65;23.01;21.26;20.96;22.44;22.56;22.77;22.54;22.23;20.82;21.76
2025-07-24 10:46:27.299021;23.26;22.78;21.7;21.54;21.01;20.67;21.29;22.37;21.45;21.68;20.9;21.86;21.55;21.0;22.59;22.03;21.03;20.75;22.71;23.13;21.62;21.0;21.82;22.43;22.55;20.33;21.75;20.76;22.5;23.39;20.88;21.5;23.11;20.58;21.89;20.91;21.0;21.96;20.87;22.24;20.95;21.63;21.57;22.15;21.96;23.09;23.27;23.04;21.78;21.01;22.55;22.36;20.65;23.54;20.65;22.14;21.77;22.52;22.07;22.13;22.39;20.5;21.14;20.42;22.24;22.19;22.49;21.09;22.76;23.17;22.22;21.23;21.05;20.93;22.22;20.62;21.97;20.48;22.95;22.31;22.21;22.24;21.28;21.04;21.7;22.96;21.71;21.26;21.41;22.72;21.84;21.44;20.2;22.5;21.56;21.7;21.85;21.34;21.29;23.5;21.4;21.29;22.15;22.62;21.87;20.82;21.09;22.79;22.48;21.91;21.5;22.47;21.19;21.52;21.33;21.06;21.53;21.49;20.28;22.11;21.73;21.58;22.4;22.1;21.4;22.29;21.64;21.95;22.69;20.35;21.64;21.73;20.51;21.65;22.63;20.08;23.03;21.34;21.74;22.82;21.89;21.24;22.42;20.26;21.86;20.35;21.91;22.97;23.73;22.11;21.65;20.63;22.15;22.45;21.42;21.18;22.05;20.56;21.75;21.93;20.7;21.65;20.98;23.43;22.01;22.16;22.3;22.73;22.56;22.22;22.11;21.49;21.57;22.07;22.37;21.81;21.2;21.88;22.51;22.21;20.71;22.41;22.15;22.35;21.96;21.33;21.71;21.11;21.67;20.1;22.44;21.93;22.9;22.22;21.59;22.46;21.98;21.23;21.25;22.39;21.0;21.45;22.23;21.1;23.46;21.43;20.87;22.23;22.14;20.3;21.86;20.53;21.58;21.48;21.5;21.19;20.89;21.01;22.04;20.47;21.09;21.33;23.55;20.53;21.75;21.15;21.62;21.17;22.97;22.83;21.77;22.96;21.81;21.25;22.69;21.2;22.21;23.62;20.91;22.16;20.53;22.01;21.61;21.96;21.86;22.03;21.6;22.37;20.96;20.58;21.41;22.09;21.34;22.96;22.42;21.68;21.04;21.49;21.56;21.63;22.34;22.5;22.28;20.97;22.12;21.07;22.08;21.97;21.19;21.68;21.35;21.99;22.58;21.64;21.76;21.87;21.65;21.54;21.66;21.86;21.3;20.75;22.71;21.85;21.81;21.19;21.53;22.29;22.36;22.71;20.97;21.25;20.73;21.62;23.79;22.11;21.57;21.49;20.66;20.54;23.02;21.72;21.93;21.6;22.23;20.46;21.66;20.53;22.56;22.64;23.39;21.01;21.79;20.48;21.53;22.75;21.95;20.78;21.48;21.28;21.53;21.88;22.26;21.4;20.17;22.45;23.1;23.42;21.04;21.85;21.18;21.41;21.95;20.91;22.15;21.81;20.84;22.0;22.48;20.99;21.77;21.53;22.05;20.49;21.14;21.51;21.51;21.31;21.56;21.83;20.96;22.13;21.38;21.62;22.74;21.1;22.61;21.37;22.16;21.0;21.12;21.49;22.21;21.66;20.39;21.98;21.26;21.03;22.5;21.55;21.53;23.28;22.79;21.59;21.98;22.73;21.0;22.71;22.45;22.08;22.94;20.26;21.91;21.47;21.15;21.65;21.74;20.73;22.76;21.9;21.05;22.06;20.58;21.05;22.16;21.22;22.86;22.13;20.6;22.4;22.57;22.98;23.1;21.1;21.86;22.38;21.9;21.75;23.25;23.11;22.91;22.28;22.3;21.78;21.79;21.64;22.82;20.78;21.26;21.66;22.28;21.02;21.96;21.82;22.33;22.21;22.43;21.36;22.41;21.66;21.9;22.41;21.51;22.7;22.52;22.32;21.87;22.48;21.61;21.43;21.71;21.51;22.23;21.54;21.61;22.12;20.92;22.48;21.61;22.01;21.66;21.46;21.05;21.92;21.03;22.25;20.82;21.38;21.29;21.44;21.24;22.1;22.18;20.27;20.4;21.15;22.22;21.31;22.35;20.72;20.69;22.94;22.58;22.06;22.46;21.85;20.88;21.35
2025-07-24 10:46:27.471191;22.98;21.75;22.29;21.85;21.73;20.91;21.48;22.09;21.88;21.98;20.64;22.49;21.67;22.57;22.6;22.01;21.58;20.55;22.36;22.0;21.76;21.03;21.99;22.63;22.14;19.99;21.86;21.31;22.08;22.74;21.37;22.78;21.66;20.4;21.04;20.96;21.35;21.91;20.88;21.83;20.89;22.35;21.97;22.35;21.06;22.51;22.01;23.79;20.94;21.36;23.1;22.85;19.84;23.34;20.74;21.81;22.82;22.21;21.96;22.15;22.51;20.88;21.93;21.06;21.63;21.95;22.75;21.69;22.14;23.35;21.83;21.53;22.09;20.54;21.84;21.6;21.51;21.27;22.87;22.51;21.63;22.5;21.26;21.43;21.95;23.46;21.2;22.37;20.93;23.17;21.13;20.77;20.81;23.02;22.5;21.67;21.83;20.86;20.18;23.02;21.36;21.21;21.51;21.43;22.1;20.64;22.06;22.56;22.3;20.93;22.86;21.95;21.2;21.77;20.67;21.4;21.74;21.0;20.96;21.67;21.09;21.71;22.15;21.42;21.21;22.37;20.72;22.25;22.23;20.96;21.68;21.98;21.06;21.06;22.42;19.98;23.41;21.99;20.95;22.55;22.16;21.56;21.1;21.43;21.06;20.53;22.36;21.56;22.83;21.17;20.95;21.44;20.95;21.97;21.49;21.21;21.08;21.31;22.3;21.28;21.02;21.86;20.42;23.09;22.78;22.37;22.59;21.6;22.08;22.04;21.92;21.22;22.12;21.7;23.01;20.99;20.83;22.83;22.11;22.13;21.35;21.64;22.45;22.56;20.89;20.29;22.49;21.82;21.33;19.92;21.48;22.29;22.72;22.06;21.5;22.39;22.28;21.69;22.06;21.71;22.29;21.7;21.88;20.42;23.52;21.47;20.79;22.36;22.76;19.74;21.64;21.03;22.26;21.52;21.49;21.45;21.58;21.76;21.92;20.56;20.94;21.6;22.76;20.23;21.92;22.03;22.2;20.18;22.49;22.34;22.31;22.12;20.83;21.77;23.59;21.44;22.06;22.27;21.97;21.92;20.13;22.13;20.89;21.73;21.29;21.27;22.06;21.46;22.03;20.3;21.9;22.26;21.99;21.96;21.5;22.01;21.0;21.29;21.58;22.06;22.45;22.54;22.58;21.79;21.95;20.62;21.83;22.43;21.69;21.49;20.86;21.92;21.87;21.15;22.37;21.98;22.43;22.48;22.28;21.27;21.17;20.44;22.33;21.55;21.37;21.58;21.88;22.49;22.0;22.67;21.14;20.89;21.44;21.4;23.04;21.59;22.15;21.92;21.16;21.28;22.96;21.81;22.13;21.66;22.38;21.02;22.09;19.99;22.12;22.99;22.81;20.93;21.23;21.23;21.27;22.5;21.71;20.93;22.04;21.44;21.54;21.86;21.6;22.02;21.21;21.87;23.52;22.79;20.9;22.03;20.94;21.65;22.03;20.65;23.18;21.53;21.4;21.59;22.3;20.43;21.52;21.61;22.06;21.05;21.36;21.48;21.47;20.89;21.69;22.18;21.79;21.86;21.03;20.89;21.43;21.55;23.57;20.71;22.24;21.66;20.96;21.42;21.33;21.87;20.78;20.94;21.52;21.08;22.69;21.38;20.9;22.73;23.7;21.18;21.15;22.06;21.62;22.76;21.87;21.26;22.14;21.22;21.59;22.71;21.65;21.09;21.72;20.8;22.25;21.76;21.23;21.42;20.47;21.64;22.57;21.86;21.69;21.65;20.1;22.61;22.36;22.36;23.56;21.36;22.28;22.41;22.94;22.15;23.73;23.43;22.81;21.91;22.8;21.53;21.48;21.35;23.32;21.2;20.71;21.32;22.52;20.49;21.69;21.58;22.57;22.14;23.49;20.84;21.38;21.92;21.41;22.64;21.39;21.96;22.62;21.88;22.82;22.71;20.98;21.61;21.73;21.44;21.33;20.65;21.96;21.54;21.31;22.53;21.73;22.51;22.41;21.38;20.26;21.39;21.54;22.31;20.45;21.73;21.73;21.78;20.81;22.8;22.81;20.49;20.74;21.85;22.06;20.12;21.87;21.09;21.66;22.7;21.48;22.07;22.34;21.79;21.26;21.92
2025-07-24 10:46:27.728008;22.36;21.78;21.98;21.99;21.44;21.38;21.87;22.29;22.0;21.56;20.18;21.71;22.14;21.39;22.4;21.63;22.01;20.83;21.91;22.14;22.31;21.95;21.84;22.87;21.63;20.88;21.26;21.92;22.02;22.41;20.95;22.56;20.78;19.77;20.79;21.62;20.91;21.74;20.66;21.89;21.31;22.67;21.56;23.1;21.79;22.66;21.29;23.64;20.66;21.34;22.89;21.55;21.63;22.32;21.41;21.44;21.93;21.85;22.53;21.49;22.69;20.41;22.73;19.71;22.42;22.21;21.87;21.42;21.69;22.8;21.03;21.8;21.99;21.71;21.58;21.71;21.39;21.53;22.81;21.96;22.02;21.76;20.83;21.29;22.52;22.59;20.43;22.32;20.82;22.46;21.38;21.88;21.14;21.99;21.46;22.1;22.26;20.44;20.8;22.63;21.19;20.93;21.68;22.33;22.68;21.22;20.83;22.84;22.84;21.27;22.48;21.34;21.58;21.43;20.6;21.87;22.01;21.15;21.06;23.1;22.08;21.33;22.15;21.47;21.82;22.52;21.14;22.29;22.22;21.63;22.18;20.98;21.76;21.13;22.49;20.09;22.65;22.09;20.96;22.18;22.06;21.78;21.53;21.28;20.89;20.71;22.74;22.24;23.15;21.1;20.58;20.51;22.08;21.65;22.2;20.86;21.78;21.32;21.81;21.49;20.7;21.94;20.35;22.52;22.31;21.36;21.83;21.75;21.8;22.71;22.13;21.35;23.12;21.94;21.39;21.29;20.97;23.32;21.45;21.58;21.61;20.85;21.27;21.88;21.38;21.14;22.2;21.7;21.15;20.12;21.55;22.43;21.96;21.81;21.18;21.82;22.16;22.1;22.28;21.67;22.15;21.67;21.52;20.74;22.72;20.98;21.4;22.56;22.16;20.55;22.34;21.98;21.93;21.47;22.2;22.04;21.99;21.49;21.93;20.86;21.63;22.89;22.73;20.37;21.53;21.67;21.8;21.8;21.83;22.06;22.75;22.21;20.15;22.56;21.92;21.52;21.13;22.42;21.98;21.94;21.01;21.95;22.34;22.11;22.06;21.06;21.02;20.86;21.96;20.09;21.91;22.56;21.99;21.08;21.74;21.16;20.82;20.75;21.82;21.96;21.85;21.93;21.13;21.43;21.58;21.44;21.56;21.29;22.24;21.33;21.46;22.23;22.38;20.64;22.41;21.58;22.04;22.33;21.87;21.79;20.57;20.99;22.52;20.59;21.61;21.46;21.42;22.35;21.97;22.47;21.41;19.82;21.23;21.89;22.24;21.57;20.96;22.43;22.09;21.08;22.66;21.57;21.13;21.8;22.51;21.79;22.27;19.44;22.09;22.54;21.72;20.62;21.98;20.96;22.16;22.41;21.97;21.15;21.72;22.04;21.75;22.27;21.73;22.56;20.67;22.1;22.98;22.42;22.33;21.41;21.04;21.89;22.5;20.45;23.71;21.4;21.49;22.0;21.58;20.66;20.38;21.28;21.81;22.15;20.78;22.29;21.98;20.88;21.81;22.74;22.3;21.57;21.65;21.19;21.5;21.37;22.42;21.79;21.06;21.86;20.67;21.0;22.11;22.13;20.63;21.46;21.38;21.3;22.39;19.99;21.56;22.06;22.64;20.78;21.14;22.34;21.49;22.63;21.27;21.53;21.7;22.17;22.0;22.6;21.41;21.71;21.29;20.57;21.52;22.3;21.22;21.91;21.74;20.99;22.61;21.78;22.03;21.84;20.55;22.13;22.28;22.26;23.17;21.0;21.94;21.74;23.58;21.28;23.13;22.83;22.34;22.67;23.39;21.53;21.95;21.53;22.84;21.2;21.95;20.76;22.0;21.18;21.42;21.97;22.32;22.11;23.18;20.56;21.67;20.67;22.36;22.39;21.35;22.43;21.74;22.1;23.15;22.54;20.83;20.59;21.59;21.65;20.95;21.21;21.47;20.61;21.7;22.75;22.14;22.48;22.62;21.62;19.95;21.21;21.34;21.33;20.31;21.09;21.99;21.4;20.29;22.28;22.79;20.03;20.07;20.82;22.44;20.78;21.32;21.8;21.78;22.63;20.98;21.49;22.17;22.17;21.03;22.5
2025-07-24 10:46:27.873570;21.19;22.51;21.28;21.62;22.29;22.47;21.25;21.6;22.38;21.49;20.32;21.15;22.05;20.86;21.79;21.83;22.37;21.39;22.11;22.66;22.05;21.77;22.14;22.24;20.83;20.91;21.3;22.44;21.96;22.26;21.22;22.63;20.83;19.94;21.54;20.83;20.74;21.16;21.49;21.25;21.59;21.93;22.21;21.99;22.04;21.98;20.7;23.33;20.77;20.93;23.6;20.66;21.03;21.43;21.11;21.89;22.14;21.87;21.9;21.84;21.57;20.61;23.25;20.77;21.56;22.85;21.77;20.96;21.96;21.97;22.33;22.47;21.28;21.97;21.85;20.6;21.99;21.79;22.09;22.23;22.51;21.2;20.4;20.84;22.61;22.45;20.71;21.93;20.63;21.63;21.25;21.53;21.24;21.42;20.99;21.65;22.01;20.13;20.51;21.52;21.29;20.82;22.06;22.26;22.48;21.87;20.88;21.89;23.43;21.21;23.87;20.89;21.36;21.31;19.99;20.84;22.16;21.69;20.83;22.09;21.33;21.67;21.76;20.65;22.36;22.56;20.71;22.77;22.73;21.91;21.06;21.93;21.51;20.73;22.18;21.19;22.15;22.09;21.96;21.63;22.23;21.17;21.32;22.26;22.34;20.63;21.86;22.13;23.4;21.3;21.12;21.03;22.4;21.79;22.32;21.18;22.22;22.11;21.82;21.78;20.92;22.82;20.91;21.68;21.46;21.94;21.04;22.0;20.89;21.76;22.0;21.59;22.96;22.22;21.73;21.24;21.43;22.29;21.59;21.04;21.21;21.35;21.25;21.29;20.68;21.4;21.67;21.69;20.26;20.26;21.47;22.61;22.05;21.92;21.28;21.29;21.43;22.0;22.82;22.39;22.42;21.03;20.7;21.22;22.4;21.17;21.24;23.03;22.32;21.59;23.53;23.19;21.74;21.47;23.05;22.04;22.34;21.94;22.23;21.42;20.76;22.26;21.84;19.57;21.14;21.15;21.57;21.79;21.95;21.65;22.23;21.63;20.75;22.21;22.84;21.36;20.98;21.78;21.98;22.38;21.17;22.72;21.75;20.98;21.2;21.23;20.73;20.93;22.05;20.52;22.27;23.57;21.67;20.52;22.32;21.41;20.96;21.24;21.96;22.44;22.36;21.47;21.1;20.39;22.0;21.5;20.58;22.22;22.82;22.36;21.42;21.36;21.69;21.2;22.7;22.46;22.12;23.04;22.23;21.6;20.19;21.4;22.78;20.59;21.48;21.58;21.43;21.82;21.57;22.55;21.99;20.67;21.04;20.99;21.4;21.75;20.75;22.5;21.56;21.26;22.78;22.37;21.29;22.22;22.47;21.78;22.14;20.04;21.13;21.3;21.18;20.61;22.27;21.29;21.61;21.86;21.9;21.63;21.48;21.37;22.11;21.11;20.51;22.68;20.98;21.21;22.19;21.64;22.27;21.67;21.02;21.09;21.96;20.33;23.44;21.56;21.9;22.51;22.08;20.24;20.38;21.38;20.76;23.35;21.31;21.99;21.66;21.02;22.53;22.9;22.34;22.43;22.39;22.42;21.34;21.44;21.89;21.09;21.92;22.19;20.49;20.55;21.52;22.25;21.85;21.45;22.6;21.33;21.13;20.35;22.65;21.92;22.26;21.38;22.03;22.43;22.41;22.1;22.3;20.65;21.41;22.47;22.33;22.42;21.77;21.84;20.77;20.68;22.11;22.5;22.21;22.6;23.12;21.49;22.46;21.37;22.67;21.54;21.24;21.68;22.3;22.16;23.14;21.32;22.21;22.03;23.09;21.34;22.36;22.17;21.36;22.77;22.97;21.87;20.72;21.2;22.53;20.65;21.67;20.89;21.7;21.76;21.95;23.22;21.25;22.58;22.29;21.03;20.99;21.06;21.57;22.01;21.19;21.56;22.46;21.43;22.96;22.07;21.76;21.4;21.4;21.87;21.69;21.76;21.12;20.69;21.52;22.0;21.92;21.7;22.54;21.68;20.17;21.6;21.93;21.58;19.53;20.92;21.15;21.14;20.47;21.87;22.02;20.64;20.15;20.68;23.26;20.68;20.04;21.97;21.57;22.22;21.35;21.27;22.86;22.72;21.12;22.21
2025-07-24 10:46:28.102914;20.54;21.82;21.5;21.94;22.5;22.18;20.67;22.23;22.76;21.99;21.73;21.35;21.82;21.11;21.69;21.91;22.2;21.74;21.32;21.91;21.88;21.81;22.04;21.66;20.96;21.18;21.85;22.91;22.22;21.98;20.51;22.17;20.05;19.93;21.92;20.71;21.05;21.12;21.91;21.76;22.2;22.2;21.33;21.91;22.16;22.39;21.3;22.96;21.78;21.5;23.19;20.94;21.12;21.53;20.89;20.88;23.1;21.42;22.15;22.13;21.57;20.6;22.85;21.11;21.57;21.93;22.54;21.86;22.88;21.64;21.89;22.7;21.39;22.66;22.1;20.77;21.9;21.38;22.14;22.24;21.63;22.13;21.73;21.31;21.69;22.57;20.74;21.2;20.87;21.97;21.41;21.7;21.19;22.33;21.02;22.25;22.3;20.37;20.01;21.59;21.83;21.27;22.43;21.5;22.49;21.53;20.69;21.57;22.06;20.82;22.68;21.24;21.8;21.91;20.84;20.42;23.03;21.28;20.65;21.6;20.28;21.31;21.9;21.4;22.65;22.16;21.54;22.22;22.46;22.18;20.98;22.85;21.56;21.26;21.47;20.79;21.54;21.65;22.1;21.29;22.3;21.08;21.31;21.12;22.65;21.04;21.54;21.3;21.8;20.47;20.37;21.58;22.46;21.92;21.85;21.64;22.3;21.65;21.16;21.93;20.3;22.23;22.55;20.9;21.48;21.22;20.59;22.01;21.37;20.88;21.98;21.61;22.45;21.8;22.08;20.86;21.36;20.91;22.06;20.73;21.27;21.29;21.28;21.52;20.82;21.65;21.91;21.69;21.34;21.03;21.38;22.63;22.54;22.5;21.82;21.85;20.58;21.03;22.78;22.01;22.39;20.27;20.83;22.44;22.2;21.94;21.53;21.28;22.08;20.74;23.54;23.08;20.6;20.86;23.24;22.19;22.03;22.61;22.12;22.32;21.08;21.47;21.3;20.45;21.06;20.44;20.71;21.52;22.25;22.16;21.72;21.68;21.06;22.21;23.14;21.86;21.07;21.77;22.12;21.9;21.36;22.04;21.6;21.15;21.08;22.07;21.48;21.47;22.49;20.9;22.77;23.45;21.26;20.73;21.97;21.64;21.43;21.57;21.93;21.7;23.17;21.53;21.2;21.46;21.92;22.04;21.7;22.6;22.21;22.1;22.14;20.95;21.75;21.73;23.6;22.56;21.36;22.63;21.43;21.09;20.67;21.31;22.39;20.91;21.6;22.54;22.26;22.53;21.64;21.85;21.98;21.13;20.32;21.67;22.55;22.44;21.0;22.31;22.73;21.19;23.64;21.73;22.11;22.0;21.93;21.34;22.68;19.95;21.77;22.72;22.72;20.78;22.24;22.37;22.13;22.13;21.7;21.89;21.58;21.92;22.03;21.56;21.68;22.07;20.66;21.94;22.68;22.86;21.7;22.21;19.91;21.91;22.18;20.92;22.72;21.44;21.56;21.85;22.68;20.59;21.1;22.3;21.15;24.02;20.95;21.18;21.13;20.7;22.2;23.0;22.17;21.04;21.56;22.36;22.11;21.91;21.36;20.98;21.69;22.92;20.31;21.26;21.69;21.89;22.43;21.48;22.23;20.97;21.96;20.64;22.34;22.37;22.13;21.79;21.94;22.66;22.47;22.74;22.39;20.76;21.27;22.51;21.61;21.4;22.29;21.41;20.11;21.05;21.91;21.95;22.49;23.59;23.47;21.98;22.06;21.03;21.33;21.54;20.74;21.74;22.16;22.52;22.97;22.01;21.28;20.96;22.89;21.93;23.13;22.92;21.68;21.62;22.4;22.02;21.38;21.39;22.91;20.85;21.98;20.81;22.2;21.91;22.06;23.79;20.75;22.03;21.67;21.66;22.33;21.35;21.56;21.32;21.68;22.16;21.55;21.43;22.7;22.04;21.29;21.62;21.52;22.13;21.4;22.53;21.23;20.77;22.18;21.27;22.16;22.99;22.19;21.63;19.96;21.54;22.94;22.27;20.06;20.85;20.3;20.5;20.7;20.94;21.46;21.69;21.34;21.04;22.9;21.15;20.48;22.3;21.73;21.29;21.09;21.25;21.94;21.37;21.3;23.61
2025-07-24 10:46:28.257671;21.27;22.08;21.16;21.23;22.1;22.9;21.73;21.52;21.89;22.31;23.04;21.34;20.37;21.81;22.39;21.64;21.18;21.21;21.93;22.39;22.1;22.09;22.4;21.84;21.0;21.67;21.9;22.89;23.23;20.97;21.06;21.83;20.66;20.19;21.16;21.3;20.24;22.0;22.1;22.88;21.27;21.63;19.47;20.84;21.41;22.27;20.42;22.77;22.54;21.73;22.48;21.34;22.09;21.72;21.55;21.49;22.79;21.54;22.04;22.48;21.6;20.83;22.27;20.85;21.42;21.66;22.49;21.49;22.07;21.65;22.42;21.8;21.4;22.92;22.42;20.71;20.91;21.93;21.74;22.32;21.1;22.17;21.54;21.11;21.13;21.63;20.4;20.66;21.14;22.12;22.02;22.33;21.71;21.55;21.35;22.39;21.91;20.61;20.24;21.76;21.23;20.74;22.35;21.75;21.73;20.73;21.36;22.45;22.6;21.29;22.41;21.25;22.27;21.19;21.5;20.99;23.28;21.45;21.07;22.51;20.87;22.11;22.26;21.84;22.23;22.46;21.34;22.22;22.07;21.26;21.13;22.32;21.72;22.07;21.76;20.96;21.92;21.86;21.8;21.09;21.76;22.21;21.43;21.58;21.99;21.52;21.52;20.49;21.74;20.84;21.66;21.66;21.56;21.3;21.64;20.94;22.54;21.94;21.39;21.11;20.89;21.67;22.48;21.47;22.07;22.29;20.52;21.74;21.69;20.93;22.26;21.92;22.16;21.65;21.64;21.48;20.77;20.44;22.45;20.88;21.32;21.14;21.22;22.33;21.24;22.2;21.55;22.28;21.7;20.92;22.01;21.31;22.67;22.35;21.37;20.84;20.37;21.47;22.72;21.01;21.94;20.37;20.43;21.59;21.92;21.6;22.27;21.46;22.3;20.37;22.08;23.07;20.78;21.57;22.22;21.85;21.95;22.02;21.45;21.53;20.87;21.3;21.32;20.46;21.39;19.56;20.06;21.47;22.74;22.77;21.54;21.79;21.16;21.09;22.07;22.65;21.08;21.99;22.11;21.38;21.93;21.47;21.68;21.55;21.4;22.61;21.48;20.79;22.68;21.38;21.62;22.88;20.43;20.6;21.62;21.74;21.96;22.36;21.01;21.31;21.67;21.07;20.59;20.92;22.02;21.83;22.15;21.5;23.02;21.59;21.5;20.89;21.87;21.1;22.74;22.3;21.37;22.23;21.48;21.06;20.31;21.51;22.6;21.2;21.02;23.17;21.56;22.34;21.68;22.25;22.14;22.21;20.93;21.97;22.65;21.98;21.65;22.07;22.55;21.29;22.4;22.35;21.72;21.52;21.85;22.07;22.44;20.93;22.04;22.85;23.02;21.8;21.5;22.5;21.68;21.62;22.1;21.56;22.13;22.13;22.03;21.72;20.94;21.53;21.66;21.36;22.74;22.77;21.19;22.61;20.18;21.4;21.44;21.48;22.3;22.19;22.48;22.71;22.35;20.72;21.92;22.73;21.16;22.35;22.04;22.18;20.54;21.71;21.48;23.34;22.83;20.05;21.59;22.32;21.32;22.5;20.7;21.22;22.06;23.43;21.1;21.54;21.62;21.95;22.22;21.32;22.8;21.2;21.84;20.59;21.93;22.62;21.87;22.07;22.01;22.53;23.14;22.85;22.11;22.2;21.68;21.87;22.38;21.91;22.12;21.46;20.98;20.29;21.83;22.06;21.8;23.26;22.97;22.8;22.14;20.97;21.2;22.19;20.81;21.82;22.4;22.39;22.46;21.9;21.62;20.92;23.1;22.47;22.4;22.14;21.44;21.59;22.19;22.11;22.07;21.51;22.31;21.24;21.33;20.71;21.84;22.64;20.93;23.01;21.01;21.53;21.28;21.12;22.31;21.45;21.12;21.96;21.8;21.87;21.2;22.78;22.13;21.88;21.07;22.42;22.18;21.64;21.71;21.47;21.72;20.69;21.75;21.14;22.24;22.22;22.35;21.49;20.55;21.12;22.39;22.93;19.39;21.16;19.97;21.04;22.05;20.25;20.39;21.19;22.08;21.08;23.05;21.83;20.2;22.21;21.37;21.53;22.63;21.89;22.36;21.3;21.01;23.65
2025-07-24 10:46:28.506245;21.39;21.95;21.5;21.6;21.52;23.06;21.62;21.62;21.58;22.28;22.84;20.94;21.23;20.79;21.59;21.55;21.12;21.39;21.09;22.7;22.58;21.79;22.22;21.8;21.52;21.38;21.98;22.55;22.33;21.2;21.82;21.61;20.95;21.09;21.56;20.99;21.58;22.49;22.24;21.83;21.32;22.31;19.66;21.36;21.29;22.97;20.81;22.53;22.21;21.91;22.39;21.33;22.17;21.35;21.87;21.79;21.93;21.74;22.49;20.35;21.17;20.85;22.58;20.79;21.35;22.23;22.3;21.45;21.73;22.04;21.99;22.51;21.87;23.22;21.55;21.43;20.73;21.53;21.0;22.18;21.22;22.26;21.53;21.72;22.2;22.24;21.17;20.7;21.17;21.47;22.53;23.06;21.85;21.49;21.19;22.63;22.21;21.56;20.37;21.54;21.27;21.59;22.4;22.27;22.59;21.4;21.74;22.75;21.74;21.69;22.1;21.52;21.93;21.82;21.86;21.27;23.25;21.36;20.9;23.11;20.84;22.13;22.05;21.92;21.21;22.28;21.14;22.15;22.6;20.78;21.5;23.46;21.96;22.03;22.74;22.32;22.35;22.08;21.54;21.39;21.13;21.54;21.67;21.1;21.88;21.32;21.65;20.11;21.9;21.25;21.55;21.4;21.22;21.37;20.41;20.96;22.92;22.77;21.1;21.44;21.8;21.2;21.83;22.16;21.7;21.9;20.73;22.26;22.08;21.01;22.25;22.03;22.6;21.22;21.8;21.48;21.35;20.64;21.77;20.87;21.62;21.8;21.45;21.94;21.08;22.08;21.03;22.71;21.9;22.08;22.93;21.74;22.28;22.92;21.18;22.06;20.86;21.87;21.79;21.53;21.59;20.9;22.39;21.31;22.38;21.29;21.6;20.86;22.07;21.18;23.05;22.81;21.04;21.33;22.44;22.18;21.58;21.85;21.52;21.55;20.7;21.87;21.6;20.6;21.06;21.18;21.11;22.0;22.47;23.51;21.56;21.62;21.37;21.28;21.25;21.97;21.13;21.98;21.29;21.56;21.88;21.3;21.27;21.16;21.17;23.0;21.8;21.05;21.34;21.96;21.68;22.4;21.4;20.84;21.14;21.26;20.92;22.61;20.68;22.25;22.45;20.4;21.18;20.45;22.08;22.72;22.37;22.04;22.14;21.17;21.54;20.37;21.1;21.29;22.65;22.48;21.42;21.23;21.43;21.89;19.85;21.31;22.86;22.4;21.65;22.52;21.35;22.07;21.63;21.36;22.41;22.55;20.79;22.8;22.92;22.27;20.99;21.53;23.21;22.21;22.04;22.61;22.0;21.54;21.78;21.32;22.21;20.7;22.35;23.52;23.23;22.06;21.4;22.15;21.92;21.26;22.07;23.02;21.88;21.95;21.73;22.17;21.74;22.9;22.05;21.23;22.87;22.44;21.41;21.91;21.06;21.99;21.65;20.62;21.63;22.27;20.94;21.98;21.4;20.98;22.21;22.68;21.36;21.77;21.3;21.97;20.93;21.42;21.58;23.91;23.45;20.69;21.77;22.88;21.29;22.51;21.05;21.54;22.5;23.21;20.35;21.78;20.86;22.37;21.87;21.79;22.68;21.29;21.58;21.05;21.58;23.2;21.91;21.82;21.37;22.27;22.21;23.27;22.0;21.49;21.22;21.56;21.86;22.04;21.8;21.82;21.89;20.98;21.34;22.18;22.34;21.61;23.39;22.49;21.43;21.74;21.24;21.36;20.99;21.26;21.88;22.03;21.95;22.46;21.87;21.52;22.78;22.12;22.35;22.44;21.91;20.95;21.59;22.29;21.67;21.99;22.69;22.19;22.07;20.61;22.22;21.97;21.38;22.26;21.08;21.22;21.04;22.11;21.63;20.98;20.39;20.76;21.28;21.38;21.56;22.83;22.02;22.3;20.67;23.07;21.64;20.98;21.2;22.62;21.49;20.07;22.5;21.38;22.37;21.81;21.73;21.24;21.82;20.69;22.22;22.26;20.09;20.82;20.81;20.65;21.49;21.63;21.48;21.05;22.45;21.0;23.72;22.14;21.37;21.82;21.89;22.47;22.21;22.42;22.14;22.43;21.63;22.91
2025-07-24 10:46:28.696231;21.25;21.07;21.13;19.98;21.27;22.98;20.74;22.26;22.73;22.93;22.46;21.24;20.9;20.49;21.7;21.82;21.36;21.75;21.04;21.87;21.47;21.28;21.8;21.83;21.96;21.21;22.62;22.46;23.1;21.92;21.36;22.45;21.51;21.19;20.85;21.57;22.21;21.45;23.07;21.52;21.88;22.66;20.51;20.73;21.56;22.38;20.81;21.3;22.08;21.71;22.37;21.43;22.05;21.18;22.24;20.88;21.0;22.1;21.2;20.59;20.81;20.83;22.19;21.19;22.01;23.02;22.29;22.11;22.43;21.88;22.32;21.83;21.74;23.46;23.08;20.59;21.14;21.1;21.38;21.1;22.21;22.42;22.82;22.65;22.92;21.59;20.85;21.06;20.99;21.13;22.43;22.46;21.53;21.83;21.63;21.98;22.47;22.22;21.35;21.64;21.6;21.99;21.65;22.35;22.26;22.07;22.4;21.88;21.82;22.47;21.32;22.04;22.3;21.07;21.52;20.55;22.99;21.92;20.38;23.01;20.51;23.03;22.24;22.49;21.22;22.78;21.72;21.84;21.88;21.67;22.22;22.5;22.88;21.84;22.39;22.97;22.05;22.45;21.52;21.43;20.59;21.33;21.44;20.49;22.56;21.67;22.08;20.47;22.29;20.92;21.64;23.18;21.75;21.28;20.51;21.25;22.0;22.48;21.89;21.91;21.3;21.79;21.99;21.33;21.87;21.18;20.07;21.91;21.37;21.92;22.13;21.71;21.89;22.04;21.79;21.88;21.88;20.75;21.99;20.95;22.13;21.27;20.55;22.11;22.59;22.52;21.77;22.61;22.18;22.42;22.52;20.84;21.71;22.57;21.76;22.34;20.65;21.72;21.81;21.46;22.47;21.19;22.02;21.24;22.35;21.29;21.69;21.78;22.03;21.34;23.49;22.88;21.8;21.18;22.69;22.8;20.97;22.56;22.02;21.04;21.6;22.6;21.83;20.6;21.01;21.46;21.03;21.08;22.15;23.49;21.16;21.63;21.11;21.61;21.48;21.64;21.52;21.94;21.69;21.52;21.47;21.34;21.12;21.27;21.17;23.0;22.07;21.21;22.03;22.64;22.28;22.06;21.29;20.84;21.36;21.51;22.1;22.88;21.82;22.11;21.8;19.65;20.99;21.06;22.1;22.61;21.33;21.68;22.32;20.34;22.24;20.59;21.33;21.24;22.21;22.77;21.43;22.32;21.71;21.76;20.81;22.24;23.05;22.81;21.53;23.19;23.22;21.85;21.43;21.79;23.22;22.37;20.41;22.73;23.31;21.98;20.74;21.95;23.1;21.93;22.11;21.98;21.29;21.66;22.12;21.41;21.82;20.81;22.29;22.62;23.16;21.99;22.08;22.11;21.92;21.25;22.16;21.77;21.82;22.42;22.34;21.37;21.1;21.91;21.9;21.28;22.42;22.07;21.13;21.6;20.53;23.03;21.06;20.44;20.71;22.08;21.01;21.64;21.47;21.11;22.3;22.8;20.84;22.8;21.02;21.76;21.63;21.3;20.56;23.92;22.91;20.53;20.98;22.79;21.57;22.61;20.9;22.12;21.93;22.46;20.44;22.04;21.69;22.63;23.04;21.99;22.82;21.23;21.3;21.46;21.81;23.07;21.33;21.92;22.19;21.38;21.6;22.64;22.38;21.75;21.25;21.37;22.47;22.56;23.1;21.31;20.45;20.92;21.29;21.46;22.39;21.4;22.02;22.33;21.52;21.85;21.5;21.68;21.63;22.22;21.75;21.97;22.5;22.93;22.44;21.31;22.36;22.14;21.94;22.35;21.43;21.3;22.0;22.4;22.88;23.46;22.66;21.73;21.73;21.34;23.2;22.16;21.32;22.22;21.7;20.57;21.16;22.77;21.83;21.72;20.99;21.38;22.29;22.76;20.97;22.44;22.65;22.42;21.31;23.27;21.72;20.89;21.94;22.83;22.63;20.5;22.78;22.14;21.95;21.53;22.86;21.74;21.18;21.84;22.79;21.89;21.28;21.15;20.88;20.55;21.38;21.33;21.45;22.14;21.83;21.65;22.84;21.81;21.32;22.07;21.87;22.08;22.29;21.29;21.6;21.39;21.18;22.09
2025-07-24 10:46:28.857437;21.48;21.64;21.89;20.52;20.96;22.5;20.82;22.03;22.19;22.47;21.79;21.47;21.06;21.19;22.14;22.55;20.7;21.75;21.92;21.89;21.21;20.78;21.47;22.13;21.87;20.78;20.94;21.29;23.03;22.34;22.15;22.18;21.83;20.83;20.4;21.78;22.53;21.06;22.48;21.61;21.82;23.04;22.21;20.79;21.24;22.68;21.13;21.56;21.66;20.97;22.0;21.12;21.19;21.3;21.46;20.18;21.45;22.59;21.02;20.61;21.1;20.47;21.89;20.67;22.56;23.48;22.03;22.66;23.55;22.46;23.16;21.5;21.78;22.91;22.51;20.87;20.81;21.35;21.1;21.59;22.91;22.48;22.38;22.61;23.32;21.81;20.88;21.74;20.8;21.44;22.05;23.28;21.83;21.54;20.88;21.93;22.38;21.66;21.7;21.95;20.7;21.67;21.47;22.85;22.39;22.58;22.35;21.41;21.5;23.01;21.41;22.3;22.25;21.49;21.19;21.14;22.6;21.68;21.56;21.6;20.95;23.32;21.35;22.43;21.74;21.71;21.79;22.34;22.64;22.22;21.3;22.39;22.62;21.83;21.92;22.54;22.06;22.7;21.13;22.0;20.61;21.45;21.32;20.97;22.46;21.36;21.17;21.47;22.24;21.68;22.46;23.21;21.74;20.92;20.86;21.97;22.3;22.24;21.9;21.67;21.36;21.34;22.49;21.13;22.96;21.27;20.48;22.48;20.68;22.63;21.68;21.23;21.98;22.1;21.01;21.39;21.28;21.63;20.99;21.41;22.47;21.69;20.7;22.7;23.61;22.9;21.45;22.29;22.26;22.46;21.95;20.52;21.76;22.5;21.35;22.56;19.87;21.86;21.99;22.29;22.97;21.28;22.25;21.43;22.74;21.0;20.72;22.06;21.72;21.88;23.44;22.16;22.03;20.3;22.73;23.14;21.21;22.16;21.8;21.75;22.06;23.39;22.46;20.97;21.61;21.26;21.07;19.82;22.68;23.75;21.22;21.56;20.82;22.47;21.15;21.65;21.35;22.54;21.9;21.54;20.96;21.43;21.75;20.86;20.79;21.96;21.29;20.87;22.79;22.65;22.05;21.86;21.6;20.46;21.53;21.18;22.34;22.75;21.49;21.57;21.66;20.27;21.61;20.83;22.28;22.81;22.2;21.43;22.01;19.73;21.63;19.95;21.17;21.49;22.67;22.63;21.61;23.2;22.13;22.66;21.48;21.91;22.91;22.63;22.4;22.81;22.79;21.73;21.51;22.83;23.33;22.31;20.84;22.58;22.59;22.58;21.13;22.87;22.96;21.87;22.8;21.6;22.0;22.64;23.06;21.24;21.91;21.21;21.74;22.83;23.37;22.06;22.34;22.01;21.4;22.41;23.41;22.46;21.98;21.87;22.19;21.24;21.34;21.52;22.48;21.77;22.72;22.38;20.95;21.43;20.32;22.9;21.11;20.18;20.86;22.14;20.26;22.37;22.29;21.29;22.49;22.01;20.2;22.83;21.63;21.69;21.5;21.22;19.92;23.41;23.02;21.02;21.99;22.69;21.54;22.37;21.32;21.96;21.75;22.84;19.84;21.84;23.07;22.63;22.13;21.98;22.36;21.9;21.58;20.65;21.2;23.27;21.44;21.54;21.85;21.46;21.76;22.6;22.66;21.86;21.73;21.31;21.44;21.45;21.75;20.95;21.26;21.04;21.15;21.66;22.75;20.97;22.96;22.28;21.65;21.58;20.9;22.05;21.3;21.56;22.86;21.12;22.53;23.1;22.29;21.99;23.0;23.08;22.23;22.42;21.58;22.46;22.75;21.78;22.47;22.68;23.01;22.04;22.65;21.67;22.86;22.6;21.97;22.18;21.08;20.58;21.14;21.82;21.85;21.2;20.18;22.06;21.79;21.68;22.43;22.21;22.67;21.75;21.11;22.75;21.73;20.99;22.42;22.5;21.44;20.74;23.77;22.48;22.36;21.34;22.28;22.65;21.67;22.27;22.21;21.75;22.1;21.74;20.7;20.86;21.41;21.4;21.43;22.11;22.11;22.28;23.24;21.74;21.27;22.07;22.05;20.96;22.91;20.53;22.01;20.61;21.9;21.66
